La préservation de l environnement est une chose ...;Les découvertes scientifiques améliorent-elles la vie ?;Opinion sur le fonctionnement de la justice en 1979;La société francaise a-t-elle besoin de se transformer ?;Sexe;Diplôme;Profession;Age
très importante;oui, beaucoup;assez bon;oui;masculin;BEPC-BE-BEPS;patron indus.commer.;51
très importante;oui, un peu;très mauvais;oui;masculin;université,gde école;cadre supérieur;31
très importante;oui, beaucoup;assez mauvais;non;masculin;université,gde école;profession libérale;54
très importante;oui, un peu;très mauvais;oui;féminin;université,gde école;cadre supérieur;25
très importante;oui, un peu;très mauvais;oui;masculin;université,gde école;cadre moyen;27
très importante;oui, un peu;assez mauvais;oui;féminin;université,gde école;cadre moyen;30
très importante;oui, un peu;assez bon;non;féminin;université,gde école;cadre moyen;32
très importante;oui, un peu;assez bon;oui;féminin;baccalauréat (1/2);autre employé qual.;27
très importante;oui, beaucoup;très mauvais;oui;masculin;CEP ou fin études;cadre moyen;50
très importante;oui, un peu;très mauvais;oui;féminin;université,gde école;autre emp. non qual.;79
très importante;oui, un peu;assez mauvais;oui;féminin;BEPC-BE-BEPS;autre employé qual.;30
très importante;oui, un peu;très mauvais;oui;féminin;CEP ou fin études;autre employé qual.;43
très importante;pas du tout;très mauvais;oui;masculin;aucun;ouvrier qualifié;60
très importante;oui, un peu;très mauvais;oui;masculin;BEPC-BE-BEPS;ouvrier qualifié;53
très importante;oui, un peu;très mauvais;oui;masculin;BEPC-BE-BEPS;ouvrier qualifié;27
très importante;oui, un peu;assez mauvais;oui;masculin;aucun;ouvrier qualifié;26
très importante;oui, un peu;assez mauvais;oui;masculin;BEPC-BE-BEPS;ouvrier qualifié;38
très importante;pas du tout;assez mauvais;oui;masculin;BEPC-BE-BEPS;ouvrier qualifié;32
peu importante;pas du tout;très mauvais;oui;féminin;CEP ou fin études;personnel de service;31
très importante;oui, beaucoup;assez bon;non;masculin;aucun;Non-réponse;18
très importante;oui, un peu;assez bon;oui;féminin;baccalauréat (1/2);Non-réponse;78
très importante;oui, un peu;assez mauvais;oui;féminin;baccalauréat (1/2);Non-réponse;46
assez importante;oui, un peu;assez bon;oui;féminin;aucun;manoeuvre;25
très importante;oui, un peu;assez mauvais;oui;féminin;baccalauréat (1/2);Non-réponse;31
très importante;oui, un peu;ne sait pas;non;masculin;université,gde école;cadre supérieur;66
assez importante;oui, beaucoup;assez bon;oui;féminin;université,gde école;patron indus.commer.;66
très importante;oui, beaucoup;assez bon;oui;masculin;université,gde école;cadre supérieur;65
très importante;oui, un peu;ne sait pas;oui;féminin;aucun;ouvrier qualifié;66
assez importante;oui, un peu;très mauvais;non;masculin;baccalauréat (1/2);patron indus.commer.;30
très importante;oui, beaucoup;assez mauvais;oui;masculin;université,gde école;cadre supérieur;25
très importante;oui, beaucoup;assez mauvais;oui;masculin;université,gde école;cadre supérieur;29
assez importante;pas du tout;assez mauvais;non;féminin;université,gde école;cadre supérieur;28
assez importante;oui, un peu;assez mauvais;oui;masculin;université,gde école;cadre moyen;27
très importante;oui, un peu;très mauvais;oui;masculin;baccalauréat (1/2);cadre moyen;31
très importante;oui, un peu;assez bon;non;masculin;baccalauréat (1/2);cadre moyen;31
assez importante;oui, un peu;assez mauvais;oui;masculin;BEPC-BE-BEPS;autre emp. non qual.;56
très importante;oui, beaucoup;très mauvais;oui;masculin;baccalauréat (1/2);autre employé qual.;31
très importante;oui, un peu;assez bon;non;féminin;autre;autre emp. non qual.;30
peu importante;oui, beaucoup;assez bon;non;féminin;BEPC-BE-BEPS;autre employé qual.;25
très importante;oui, beaucoup;très mauvais;oui;féminin;BEPC-BE-BEPS;autre employé qual.;31
très importante;oui, un peu;assez bon;oui;masculin;CEP ou fin études;personnel de service;50
très importante;pas du tout;très mauvais;oui;masculin;baccalauréat (1/2);ouvrier spécialisé;32
assez importante;oui, un peu;assez bon;oui;masculin;CEP ou fin études;ouvrier qualifié;79
très importante;pas du tout;ne sait pas;oui;féminin;CEP ou fin études;ouvrier spécialisé;28
très importante;pas du tout;assez mauvais;oui;féminin;CEP ou fin études;ouvrier qualifié;63
très importante;oui, beaucoup;assez bon;oui;féminin;CEP ou fin études;ouvrier qualifié;50
assez importante;oui, beaucoup;assez bon;non;féminin;BEPC-BE-BEPS;personnel de service;19
peu importante;oui, un peu;assez bon;non;féminin;université,gde école;Non-réponse;31
assez importante;pas du tout;assez mauvais;oui;féminin;baccalauréat (1/2);Non-réponse;23
très importante;oui, un peu;assez bon;oui;féminin;université,gde école;Non-réponse;74
assez importante;pas du tout;assez mauvais;oui;féminin;BEPC-BE-BEPS;Non-réponse;31
très importante;oui, un peu;assez bon;oui;féminin;université,gde école;cadre supérieur;69
très importante;oui, un peu;assez mauvais;oui;masculin;université,gde école;profession libérale;69
très importante;oui, un peu;assez bon;oui;féminin;université,gde école;cadre supérieur;76
assez importante;oui, un peu;assez bon;non;masculin;CEP ou fin études;cadre moyen;71
très importante;pas du tout;très mauvais;oui;masculin;CEP ou fin études;autre emp. non qual.;55
très importante;oui, beaucoup;assez bon;non;masculin;université,gde école;cadre supérieur;52
très importante;oui, beaucoup;assez bon;oui;féminin;université,gde école;cadre supérieur;59
très importante;oui, beaucoup;très mauvais;oui;féminin;université,gde école;cadre supérieur;32
très importante;oui, un peu;très mauvais;oui;masculin;CEP ou fin études;cadre moyen;28
très importante;oui, beaucoup;assez mauvais;oui;masculin;CEP ou fin études;cadre moyen;27
très importante;oui, un peu;très mauvais;oui;féminin;baccalauréat (1/2);cadre moyen;22
très importante;oui, beaucoup;assez mauvais;oui;féminin;aucun;autre employé qual.;18
très importante;oui, un peu;très mauvais;oui;masculin;université,gde école;Non-réponse;27
très importante;oui, un peu;très mauvais;oui;féminin;BEPC-BE-BEPS;autre employé qual.;32
très importante;oui, beaucoup;assez mauvais;oui;masculin;baccalauréat (1/2);autre employé qual.;27
très importante;oui, beaucoup;très bon;non;féminin;CEP ou fin études;autre employé qual.;52
très importante;oui, beaucoup;ne sait pas;oui;masculin;aucun;ouvrier qualifié;28
très importante;oui, beaucoup;assez mauvais;oui;féminin;aucun;ouvrier spécialisé;48
très importante;oui, beaucoup;assez mauvais;oui;féminin;CEP ou fin études;ouvrier qualifié;43
assez importante;pas du tout;très mauvais;ne sait pas;masculin;université,gde école;ouvrier qualifié;25
très importante;oui, beaucoup;assez bon;non;masculin;CEP ou fin études;ouvrier qualifié;68
assez importante;oui, beaucoup;assez mauvais;oui;masculin;aucun;ouvrier spécialisé;39
très importante;oui, beaucoup;assez mauvais;oui;féminin;aucun;personnel de service;56
très importante;oui, beaucoup;assez mauvais;oui;féminin;baccalauréat (1/2);Non-réponse;21
très importante;oui, beaucoup;très mauvais;oui;féminin;aucun;Non-réponse;19
très importante;oui, un peu;assez mauvais;oui;féminin;université,gde école;cadre moyen;44
très importante;oui, beaucoup;très bon;non;féminin;CEP ou fin études;cadre moyen;65
très importante;pas du tout;très mauvais;oui;féminin;brevet sup.;cadre moyen;42
très importante;oui, beaucoup;très mauvais;oui;féminin;CEP ou fin études;autre emp. non qual.;60
très importante;oui, beaucoup;très mauvais;oui;féminin;CEP ou fin études;cadre moyen;76
très importante;oui, beaucoup;assez bon;non;masculin;CEP ou fin études;contremaître;72
assez importante;oui, beaucoup;assez bon;non;féminin;aucun;ouvrier qualifié;65
assez importante;oui, beaucoup;très mauvais;oui;féminin;aucun;artisan;28
très importante;oui, un peu;très mauvais;oui;féminin;université,gde école;cadre supérieur;54
très importante;oui, un peu;très mauvais;oui;masculin;université,gde école;cadre supérieur;46
très importante;oui, un peu;assez mauvais;oui;féminin;université,gde école;cadre moyen;41
très importante;pas du tout;assez mauvais;oui;féminin;université,gde école;cadre supérieur;37
très importante;oui, un peu;très mauvais;oui;masculin;université,gde école;cadre moyen;30
très importante;oui, un peu;assez bon;oui;féminin;BEPC-BE-BEPS;cadre moyen;51
très importante;oui, beaucoup;assez mauvais;oui;masculin;BEPC-BE-BEPS;autre employé qual.;22
très importante;oui, un peu;très mauvais;oui;féminin;CEP ou fin études;autre emp. non qual.;20
très importante;oui, beaucoup;très mauvais;oui;féminin;BEPC-BE-BEPS;autre emp. non qual.;31
très importante;oui, beaucoup;très mauvais;oui;féminin;CEP ou fin études;employé de commerce;55
très importante;pas du tout;très mauvais;oui;masculin;CEP ou fin études;ouvrier spécialisé;40
très importante;oui, beaucoup;très mauvais;oui;masculin;aucun;ouvrier qualifié;23
très importante;oui, un peu;très mauvais;oui;masculin;CEP ou fin études;ouvrier qualifié;22
assez importante;pas du tout;très mauvais;oui;masculin;CEP ou fin études;ouvrier qualifié;31
assez importante;oui, un peu;très mauvais;oui;masculin;CEP ou fin études;ouvrier qualifié;32
très importante;oui, un peu;assez mauvais;oui;masculin;aucun;ouvrier qualifié;52
très importante;pas du tout;très mauvais;oui;féminin;CEP ou fin études;personnel de service;45
très importante;oui, un peu;très mauvais;oui;féminin;université,gde école;personnel de service;25
peu importante;oui, beaucoup;assez bon;oui;masculin;université,gde école;Non-réponse;19
très importante;oui, beaucoup;très mauvais;oui;masculin;université,gde école;Non-réponse;20
très importante;oui, beaucoup;assez mauvais;oui;féminin;université,gde école;Non-réponse;42
très importante;oui, beaucoup;assez mauvais;oui;féminin;université,gde école;Non-réponse;49
très importante;oui, beaucoup;assez mauvais;oui;féminin;CEP ou fin études;Non-réponse;55
assez importante;oui, beaucoup;assez mauvais;oui;masculin;CEP ou fin études;ouvrier qualifié;73
assez importante;oui, un peu;assez mauvais;oui;féminin;aucun;personnel de service;72
très importante;oui, beaucoup;assez mauvais;oui;masculin;aucun;employé de commerce;70
assez importante;oui, un peu;assez mauvais;oui;masculin;aucun;ouvrier qualifié;73
très importante;oui, beaucoup;assez bon;oui;masculin;baccalauréat (1/2);patron indus.commer.;35
assez importante;oui, un peu;assez mauvais;oui;féminin;université,gde école;cadre supérieur;43
assez importante;oui, beaucoup;assez mauvais;oui;masculin;BEPC-BE-BEPS;cadre supérieur;32
très importante;oui, un peu;très mauvais;oui;féminin;autre;cadre moyen;25
assez importante;oui, un peu;assez mauvais;oui;féminin;université,gde école;cadre moyen;25
très importante;oui, beaucoup;assez mauvais;oui;masculin;BEPC-BE-BEPS;cadre moyen;37
très importante;oui, un peu;assez mauvais;oui;féminin;baccalauréat (1/2);cadre moyen;35
assez importante;oui, beaucoup;assez mauvais;oui;féminin;brevet sup.;autre emp. non qual.;30
très importante;oui, beaucoup;assez mauvais;ne sait pas;féminin;baccalauréat (1/2);personnel de service;19
assez importante;oui, beaucoup;assez mauvais;non;féminin;brevet sup.;employé de commerce;23
assez importante;oui, beaucoup;assez mauvais;oui;féminin;brevet sup.;employé de commerce;25
assez importante;oui, un peu;assez mauvais;oui;masculin;baccalauréat (1/2);ouvrier qualifié;30
assez importante;oui, beaucoup;assez mauvais;oui;masculin;CEP ou fin études;ouvrier qualifié;45
assez importante;oui, un peu;très mauvais;oui;masculin;CEP ou fin études;ouvrier spécialisé;24
peu importante;oui, beaucoup;assez mauvais;oui;masculin;CEP ou fin études;ouvrier spécialisé;33
assez importante;oui, beaucoup;assez bon;ne sait pas;féminin;CEP ou fin études;ouvrier spécialisé;58
assez importante;oui, un peu;assez mauvais;oui;masculin;aucun;ouvrier spécialisé;38
peu importante;oui, un peu;assez bon;non;féminin;CEP ou fin études;personnel de service;54
assez importante;oui, beaucoup;assez mauvais;ne sait pas;féminin;aucun;personnel de service;32
très importante;oui, beaucoup;assez mauvais;oui;masculin;baccalauréat (1/2);Non-réponse;23
très importante;oui, un peu;assez mauvais;oui;féminin;autre;Non-réponse;21
assez importante;oui, beaucoup;assez bon;non;féminin;CEP ou fin études;Non-réponse;50
très importante;oui, un peu;assez bon;oui;féminin;université,gde école;Non-réponse;25
assez importante;oui, beaucoup;assez bon;oui;féminin;CEP ou fin études;cadre moyen;72
assez importante;oui, un peu;assez bon;oui;féminin;CEP ou fin études;manoeuvre;66
assez importante;oui, beaucoup;assez bon;oui;féminin;université,gde école;cadre supérieur;66
très importante;oui, beaucoup;ne sait pas;oui;féminin;CEP ou fin études;personnel de service;72
très importante;oui, beaucoup;très mauvais;oui;masculin;aucun;petit commercant;31
très importante;oui, un peu;assez bon;ne sait pas;féminin;université,gde école;profession libérale;33
très importante;oui, beaucoup;assez mauvais;non;féminin;université,gde école;profession libérale;69
très importante;oui, un peu;assez mauvais;oui;masculin;université,gde école;cadre supérieur;50
très importante;oui, un peu;très mauvais;oui;féminin;baccalauréat (1/2);cadre moyen;52
assez importante;oui, beaucoup;très mauvais;oui;féminin;baccalauréat (1/2);cadre moyen;29
assez importante;oui, beaucoup;très mauvais;oui;masculin;BEPC-BE-BEPS;cadre moyen;30
très importante;oui, beaucoup;très mauvais;oui;féminin;baccalauréat (1/2);cadre moyen;36
très importante;oui, un peu;assez bon;oui;féminin;BEPC-BE-BEPS;employé de commerce;26
très importante;oui, un peu;assez bon;oui;féminin;CEP ou fin études;autre employé qual.;38
très importante;oui, beaucoup;assez mauvais;oui;masculin;CEP ou fin études;autre employé qual.;62
assez importante;oui, un peu;assez mauvais;oui;masculin;CEP ou fin études;ouvrier qualifié;40
très importante;oui, un peu;assez bon;oui;masculin;CEP ou fin études;ouvrier qualifié;40
très importante;oui, beaucoup;très mauvais;non;masculin;aucun;manoeuvre;36
très importante;oui, un peu;très mauvais;oui;masculin;aucun;ouvrier qualifié;55
très importante;oui, beaucoup;assez bon;oui;masculin;BEPC-BE-BEPS;ouvrier spécialisé;39
assez importante;oui, beaucoup;assez mauvais;oui;masculin;aucun;ouvrier qualifié;44
très importante;pas du tout;très mauvais;oui;masculin;CEP ou fin études;personnel de service;39
très importante;oui, beaucoup;très mauvais;oui;féminin;baccalauréat (1/2);Non-réponse;20
très importante;oui, un peu;très mauvais;oui;féminin;université,gde école;Non-réponse;23
assez importante;oui, un peu;très mauvais;oui;féminin;baccalauréat (1/2);autre emp. non qual.;25
très importante;oui, un peu;assez bon;oui;féminin;baccalauréat (1/2);cadre moyen;52
très importante;oui, un peu;assez bon;oui;féminin;aucun;ouvrier spécialisé;41
très importante;oui, beaucoup;assez bon;oui;féminin;baccalauréat (1/2);cadre supérieur;41
très importante;oui, un peu;assez bon;non;masculin;CEP ou fin études;cadre moyen;70
très importante;oui, beaucoup;assez mauvais;ne sait pas;féminin;brevet sup.;cadre moyen;65
assez importante;oui, beaucoup;assez mauvais;oui;féminin;BEPC-BE-BEPS;personnel de service;70
très importante;pas du tout;très mauvais;oui;masculin;CEP ou fin études;profession libérale;82
très importante;oui, un peu;assez mauvais;oui;féminin;baccalauréat (1/2);Non-réponse;24
très importante;oui, un peu;très mauvais;oui;féminin;baccalauréat (1/2);petit commercant;51
très importante;oui, un peu;très mauvais;oui;masculin;université,gde école;cadre supérieur;41
très importante;oui, beaucoup;assez bon;non;masculin;université,gde école;cadre supérieur;53
très importante;oui, un peu;très mauvais;oui;masculin;université,gde école;cadre moyen;53
très importante;oui, beaucoup;assez mauvais;oui;masculin;université,gde école;cadre moyen;24
assez importante;oui, beaucoup;assez mauvais;oui;féminin;baccalauréat (1/2);cadre moyen;30
très importante;oui, un peu;très mauvais;oui;masculin;CEP ou fin études;autre actif;31
très importante;oui, un peu;très mauvais;oui;masculin;BEPC-BE-BEPS;autre emp. non qual.;47
assez importante;pas du tout;assez mauvais;oui;féminin;brevet sup.;autre employé qual.;30
assez importante;oui, un peu;assez mauvais;oui;féminin;BEPC-BE-BEPS;autre emp. non qual.;23
très importante;oui, un peu;assez mauvais;ne sait pas;féminin;baccalauréat (1/2);autre employé qual.;30
assez importante;oui, beaucoup;très mauvais;ne sait pas;féminin;université,gde école;autre employé qual.;24
très importante;oui, un peu;ne sait pas;oui;masculin;aucun;ouvrier spécialisé;29
assez importante;oui, beaucoup;assez bon;oui;masculin;aucun;ouvrier qualifié;54
très importante;oui, beaucoup;assez mauvais;oui;masculin;BEPC-BE-BEPS;ouvrier qualifié;44
assez importante;oui, un peu;ne sait pas;ne sait pas;masculin;aucun;ouvrier qualifié;19
très importante;oui, un peu;ne veut pas répondre;oui;masculin;BEPC-BE-BEPS;autre emp. non qual.;27
très importante;oui, beaucoup;très mauvais;oui;féminin;BEPC-BE-BEPS;patron indus.commer.;57
peu importante;oui, un peu;assez bon;oui;féminin;aucun;personnel de service;42
très importante;oui, beaucoup;ne veut pas répondre;oui;féminin;université,gde école;Non-réponse;21
très importante;oui, un peu;assez bon;oui;masculin;université,gde école;Non-réponse;21
très importante;oui, un peu;assez mauvais;oui;féminin;aucun;Non-réponse;80
très importante;oui, beaucoup;ne veut pas répondre;oui;féminin;autre;profession libérale;52
très importante;oui, un peu;très mauvais;oui;féminin;université,gde école;Non-réponse;47
assez importante;oui, un peu;assez mauvais;ne sait pas;féminin;université,gde école;Non-réponse;25
très importante;oui, un peu;très mauvais;oui;féminin;CEP ou fin études;autre emp. non qual.;75
assez importante;oui, un peu;très mauvais;ne sait pas;masculin;aucun;ouvrier spécialisé;61
très importante;oui, un peu;ne sait pas;oui;masculin;aucun;ouvrier spécialisé;65
très importante;pas du tout;assez mauvais;oui;féminin;aucun;artisan;33
très importante;oui, beaucoup;ne veut pas répondre;ne sait pas;féminin;université,gde école;cadre supérieur;30
très importante;oui, beaucoup;assez bon;ne sait pas;féminin;baccalauréat (1/2);profession libérale;48
très importante;oui, un peu;très mauvais;oui;féminin;baccalauréat (1/2);cadre moyen;31
très importante;oui, beaucoup;ne veut pas répondre;oui;féminin;université,gde école;cadre moyen;24
assez importante;oui, un peu;très mauvais;oui;féminin;BEPC-BE-BEPS;cadre moyen;58
très importante;pas du tout;très mauvais;oui;féminin;université,gde école;cadre moyen;37
très importante;oui, un peu;ne veut pas répondre;oui;féminin;université,gde école;autre employé qual.;29
assez importante;pas du tout;très mauvais;oui;masculin;CEP ou fin études;employé de commerce;55
très importante;pas du tout;assez mauvais;oui;féminin;baccalauréat (1/2);autre emp. non qual.;29
très importante;oui, beaucoup;ne veut pas répondre;oui;féminin;BEPC-BE-BEPS;autre employé qual.;33
très importante;oui, un peu;très mauvais;oui;masculin;baccalauréat (1/2);cadre moyen;38
très importante;pas du tout;très mauvais;oui;masculin;CEP ou fin études;ouvrier qualifié;25
très importante;oui, beaucoup;très bon;non;masculin;BEPC-BE-BEPS;ouvrier qualifié;19
très importante;oui, un peu;ne sait pas;ne sait pas;masculin;aucun;ouvrier qualifié;39
très importante;oui, beaucoup;très mauvais;ne sait pas;masculin;CEP ou fin études;personnel de service;39
très importante;oui, un peu;assez mauvais;oui;féminin;baccalauréat (1/2);Non-réponse;24
très importante;oui, un peu;très mauvais;oui;masculin;université,gde école;Non-réponse;26
très importante;oui, beaucoup;assez mauvais;oui;féminin;baccalauréat (1/2);Non-réponse;57
très importante;oui, un peu;très mauvais;oui;féminin;université,gde école;personnel de service;29
très importante;oui, beaucoup;assez mauvais;oui;féminin;université,gde école;autre employé qual.;39
très importante;oui, beaucoup;assez mauvais;oui;féminin;baccalauréat (1/2);cadre moyen;39
assez importante;oui, un peu;très mauvais;oui;masculin;aucun;ouvrier qualifié;73
très importante;oui, un peu;assez mauvais;oui;masculin;aucun;ouvrier spécialisé;76
assez importante;oui, beaucoup;assez bon;oui;féminin;CEP ou fin études;personnel de service;69
assez importante;oui, beaucoup;très mauvais;oui;masculin;aucun;artisan;42
assez importante;oui, un peu;assez bon;oui;masculin;CEP ou fin études;artisan;55
assez importante;oui, un peu;assez mauvais;non;masculin;CEP ou fin études;artisan;62
très importante;oui, un peu;assez mauvais;oui;féminin;université,gde école;cadre supérieur;27
très importante;oui, un peu;ne veut pas répondre;oui;masculin;université,gde école;autre actif;27
très importante;oui, un peu;assez mauvais;oui;féminin;baccalauréat (1/2);cadre moyen;66
très importante;oui, un peu;très mauvais;oui;masculin;BEPC-BE-BEPS;cadre moyen;36
très importante;oui, un peu;assez mauvais;oui;féminin;université,gde école;employé de commerce;25
très importante;oui, un peu;assez mauvais;oui;féminin;BEPC-BE-BEPS;employé de commerce;23
très importante;pas du tout;assez mauvais;oui;masculin;BEPC-BE-BEPS;autre emp. non qual.;52
très importante;oui, beaucoup;assez mauvais;oui;féminin;baccalauréat (1/2);employé de commerce;33
très importante;oui, beaucoup;assez mauvais;oui;masculin;BEPC-BE-BEPS;personnel de service;30
très importante;oui, beaucoup;assez mauvais;oui;féminin;BEPC-BE-BEPS;autre emp. non qual.;64
très importante;oui, beaucoup;assez mauvais;oui;féminin;BEPC-BE-BEPS;Non-réponse;50
très importante;oui, beaucoup;assez mauvais;oui;féminin;aucun;autre emp. non qual.;66
très importante;oui, un peu;assez mauvais;oui;masculin;université,gde école;cadre moyen;68
très importante;oui, beaucoup;très mauvais;oui;masculin;BEPC-BE-BEPS;artisan;47
très importante;pas du tout;assez mauvais;oui;masculin;BEPC-BE-BEPS;petit commercant;30
très importante;oui, un peu;très mauvais;oui;féminin;université,gde école;cadre supérieur;31
très importante;oui, un peu;assez mauvais;oui;féminin;baccalauréat (1/2);cadre moyen;24
très importante;oui, beaucoup;très mauvais;oui;masculin;aucun;cadre moyen;28
très importante;oui, un peu;très mauvais;oui;féminin;brevet sup.;cadre moyen;32
très importante;oui, un peu;très mauvais;oui;masculin;université,gde école;autre emp. non qual.;27
très importante;pas du tout;assez mauvais;oui;féminin;CEP ou fin études;autre employé qual.;22
très importante;oui, beaucoup;très mauvais;non;féminin;aucun;employé de commerce;45
assez importante;oui, un peu;très mauvais;oui;masculin;aucun;ouvrier qualifié;35
assez importante;oui, un peu;assez mauvais;oui;masculin;CEP ou fin études;ouvrier qualifié;53
très importante;pas du tout;très mauvais;oui;masculin;BEPC-BE-BEPS;ouvrier qualifié;32
très importante;oui, beaucoup;assez mauvais;oui;masculin;BEPC-BE-BEPS;ouvrier qualifié;52
très importante;pas du tout;très mauvais;oui;féminin;BEPC-BE-BEPS;manoeuvre;23
très importante;oui, un peu;assez mauvais;oui;masculin;baccalauréat (1/2);contremaître;24
très importante;oui, un peu;assez mauvais;oui;masculin;BEPC-BE-BEPS;ouvrier spécialisé;27
très importante;oui, un peu;très mauvais;oui;féminin;CEP ou fin études;personnel de service;50
très importante;oui, un peu;très mauvais;oui;féminin;BEPC-BE-BEPS;Non-réponse;18
assez importante;oui, beaucoup;ne veut pas répondre;ne sait pas;féminin;BEPC-BE-BEPS;employé de commerce;33
très importante;oui, beaucoup;très mauvais;oui;féminin;université,gde école;cadre supérieur;31
assez importante;oui, un peu;ne veut pas répondre;oui;féminin;baccalauréat (1/2);autre employé qual.;31
très importante;pas du tout;ne veut pas répondre;oui;féminin;baccalauréat (1/2);Non-réponse;52
assez importante;oui, beaucoup;assez mauvais;oui;féminin;baccalauréat (1/2);cadre moyen;51
très importante;oui, un peu;assez mauvais;oui;féminin;baccalauréat (1/2);Non-réponse;25
assez importante;oui, un peu;assez mauvais;ne sait pas;féminin;aucun;Non-réponse;67
très importante;oui, beaucoup;assez mauvais;oui;masculin;CEP ou fin études;ouvrier qualifié;66
peu importante;pas du tout;assez mauvais;oui;masculin;aucun;petit commercant;72
très importante;oui, beaucoup;très mauvais;oui;féminin;CEP ou fin études;petit commercant;47
très importante;oui, un peu;très bon;non;féminin;université,gde école;cadre supérieur;56
très importante;oui, beaucoup;assez mauvais;oui;masculin;baccalauréat (1/2);cadre moyen;33
très importante;oui, un peu;très mauvais;oui;masculin;BEPC-BE-BEPS;cadre moyen;26
très importante;pas du tout;assez mauvais;oui;féminin;baccalauréat (1/2);cadre moyen;31
très importante;pas du tout;assez bon;oui;masculin;BEPC-BE-BEPS;ouvrier qualifié;31
très importante;oui, beaucoup;assez mauvais;oui;masculin;BEPC-BE-BEPS;employé de commerce;21
très importante;oui, un peu;assez bon;non;féminin;BEPC-BE-BEPS;employé de commerce;25
très importante;pas du tout;assez mauvais;non;masculin;BEPC-BE-BEPS;autre employé qual.;47
très importante;oui, beaucoup;assez bon;oui;féminin;CEP ou fin études;autre emp. non qual.;42
très importante;oui, un peu;assez bon;non;féminin;université,gde école;autre employé qual.;22
très importante;oui, un peu;assez mauvais;oui;féminin;baccalauréat (1/2);autre emp. non qual.;57
très importante;oui, un peu;très mauvais;oui;masculin;BEPC-BE-BEPS;ouvrier qualifié;30
assez importante;oui, un peu;très mauvais;oui;masculin;CEP ou fin études;ouvrier spécialisé;29
très importante;oui, beaucoup;assez bon;non;féminin;CEP ou fin études;ouvrier spécialisé;31
très importante;oui, un peu;assez mauvais;non;masculin;CEP ou fin études;ouvrier qualifié;30
très importante;oui, un peu;assez bon;oui;masculin;CEP ou fin études;ouvrier qualifié;52
très importante;oui, un peu;très mauvais;oui;féminin;BEPC-BE-BEPS;ouvrier qualifié;19
très importante;pas du tout;assez bon;non;féminin;aucun;personnel de service;62
très importante;oui, un peu;très mauvais;oui;masculin;aucun;Non-réponse;18
très importante;oui, un peu;assez mauvais;oui;féminin;université,gde école;Non-réponse;22
très importante;oui, un peu;assez bon;oui;masculin;université,gde école;Non-réponse;24
très importante;oui, un peu;très mauvais;oui;féminin;baccalauréat (1/2);cadre moyen;33
très importante;pas du tout;très mauvais;oui;féminin;CEP ou fin études;cadre moyen;35
très importante;pas du tout;très mauvais;oui;féminin;CEP ou fin études;personnel de service;65
très importante;oui, un peu;assez bon;ne sait pas;masculin;aucun;ouvrier spécialisé;75
très importante;oui, un peu;assez mauvais;oui;féminin;BEPC-BE-BEPS;ouvrier qualifié;69
très importante;oui, un peu;très mauvais;oui;masculin;CEP ou fin études;ouvrier qualifié;70
assez importante;oui, beaucoup;assez bon;non;masculin;aucun;autre emp. non qual.;66
très importante;oui, un peu;assez mauvais;oui;féminin;baccalauréat (1/2);profession libérale;38
très importante;pas du tout;assez bon;non;féminin;baccalauréat (1/2);cadre moyen;28
très importante;oui, beaucoup;ne sait pas;oui;masculin;baccalauréat (1/2);cadre moyen;29
très importante;oui, beaucoup;très mauvais;oui;féminin;baccalauréat (1/2);cadre moyen;48
très importante;oui, un peu;très mauvais;oui;féminin;université,gde école;autre actif;22
assez importante;oui, beaucoup;assez mauvais;oui;féminin;BEPC-BE-BEPS;autre employé qual.;19
assez importante;oui, un peu;assez mauvais;oui;féminin;baccalauréat (1/2);autre employé qual.;24
très importante;oui, beaucoup;ne veut pas répondre;oui;féminin;baccalauréat (1/2);autre employé qual.;44
très importante;oui, un peu;assez mauvais;oui;féminin;CEP ou fin études;employé de commerce;45
très importante;oui, beaucoup;assez mauvais;non;féminin;baccalauréat (1/2);autre employé qual.;30
assez importante;oui, beaucoup;assez mauvais;oui;masculin;baccalauréat (1/2);autre employé qual.;30
très importante;oui, un peu;très mauvais;oui;masculin;CEP ou fin études;ouvrier qualifié;34
très importante;pas du tout;assez mauvais;oui;masculin;baccalauréat (1/2);ouvrier spécialisé;33
assez importante;oui, beaucoup;assez bon;oui;masculin;BEPC-BE-BEPS;ouvrier qualifié;29
assez importante;pas du tout;assez mauvais;oui;masculin;CEP ou fin études;ouvrier qualifié;32
assez importante;oui, un peu;assez mauvais;oui;masculin;CEP ou fin études;ouvrier spécialisé;46
pas du tout import.;oui, un peu;très mauvais;oui;masculin;aucun;ouvrier qualifié;40
très importante;oui, beaucoup;assez mauvais;oui;féminin;aucun;autre emp. non qual.;56
assez importante;oui, beaucoup;assez mauvais;oui;féminin;CEP ou fin études;personnel de service;38
très importante;oui, beaucoup;assez bon;oui;masculin;CEP ou fin études;ouvrier spécialisé;51
très importante;oui, un peu;assez mauvais;oui;féminin;baccalauréat (1/2);Non-réponse;21
très importante;pas du tout;très mauvais;oui;masculin;baccalauréat (1/2);Non-réponse;21
très importante;oui, un peu;très mauvais;oui;masculin;baccalauréat (1/2);inconnu;22
très importante;oui, beaucoup;ne sait pas;oui;féminin;baccalauréat (1/2);personnel de service;32
assez importante;oui, beaucoup;assez mauvais;oui;masculin;CEP ou fin études;ouvrier qualifié;60
très importante;oui, un peu;ne sait pas;oui;féminin;université,gde école;petit commercant;81
assez importante;oui, beaucoup;assez mauvais;oui;féminin;aucun;autre emp. non qual.;77
assez importante;oui, beaucoup;assez mauvais;non;féminin;CEP ou fin études;autre employé qual.;64
très importante;oui, un peu;assez mauvais;oui;masculin;aucun;contremaître;57
assez importante;oui, beaucoup;assez bon;oui;féminin;CEP ou fin études;ouvrier spécialisé;78
très importante;oui, beaucoup;assez bon;ne sait pas;masculin;université,gde école;cadre supérieur;47
très importante;oui, un peu;assez mauvais;ne sait pas;masculin;baccalauréat (1/2);cadre moyen;35
très importante;pas du tout;ne veut pas répondre;oui;masculin;baccalauréat (1/2);cadre moyen;36
assez importante;oui, un peu;ne sait pas;oui;féminin;baccalauréat (1/2);autre employé qual.;26
assez importante;oui, un peu;assez mauvais;oui;féminin;BEPC-BE-BEPS;autre employé qual.;21
assez importante;oui, un peu;très mauvais;oui;féminin;CEP ou fin études;autre emp. non qual.;30
très importante;oui, un peu;très mauvais;oui;féminin;BEPC-BE-BEPS;employé de commerce;34
très importante;oui, un peu;assez bon;oui;masculin;aucun;ouvrier qualifié;53
assez importante;oui, beaucoup;assez mauvais;oui;féminin;brevet sup.;ouvrier qualifié;50
très importante;oui, un peu;assez mauvais;oui;masculin;CEP ou fin études;ouvrier qualifié;43
peu importante;oui, un peu;assez mauvais;oui;féminin;CEP ou fin études;personnel de service;63
pas du tout import.;oui, un peu;assez bon;non;masculin;baccalauréat (1/2);Non-réponse;20
très importante;oui, beaucoup;assez mauvais;oui;masculin;baccalauréat (1/2);Non-réponse;18
très importante;oui, beaucoup;assez bon;non;féminin;université,gde école;Non-réponse;20
très importante;oui, beaucoup;assez mauvais;non;féminin;BEPC-BE-BEPS;Non-réponse;86
très importante;oui, un peu;assez bon;oui;féminin;CEP ou fin études;Non-réponse;42
peu importante;oui, un peu;très mauvais;oui;masculin;baccalauréat (1/2);patron indus.commer.;68
très importante;oui, un peu;très mauvais;ne sait pas;masculin;université,gde école;cadre moyen;71
très importante;oui, beaucoup;assez mauvais;oui;masculin;université,gde école;cadre supérieur;30
très importante;oui, un peu;assez mauvais;oui;masculin;baccalauréat (1/2);cadre supérieur;30
très importante;oui, un peu;assez bon;oui;féminin;université,gde école;profession libérale;27
assez importante;oui, beaucoup;très mauvais;oui;masculin;université,gde école;profession libérale;40
très importante;oui, beaucoup;assez bon;non;féminin;université,gde école;cadre supérieur;51
très importante;oui, beaucoup;très mauvais;oui;masculin;université,gde école;patron indus.commer.;39
très importante;oui, beaucoup;très mauvais;oui;féminin;aucun;cadre moyen;68
très importante;oui, beaucoup;assez mauvais;oui;masculin;CEP ou fin études;cadre moyen;67
très importante;oui, beaucoup;très mauvais;oui;masculin;CEP ou fin études;employé de commerce;80
très importante;oui, beaucoup;assez mauvais;oui;féminin;aucun;personnel de service;76
très importante;pas du tout;assez mauvais;oui;masculin;université,gde école;autre actif;42
très importante;oui, un peu;très mauvais;oui;féminin;autre;cadre moyen;33
assez importante;oui, beaucoup;très mauvais;oui;féminin;aucun;cadre moyen;25
très importante;pas du tout;très mauvais;oui;féminin;baccalauréat (1/2);cadre moyen;33
assez importante;oui, beaucoup;assez mauvais;oui;masculin;CEP ou fin études;cadre moyen;48
très importante;oui, beaucoup;très mauvais;oui;masculin;baccalauréat (1/2);cadre supérieur;68
assez importante;oui, beaucoup;assez mauvais;non;féminin;BEPC-BE-BEPS;autre employé qual.;39
très importante;oui, beaucoup;assez mauvais;oui;masculin;baccalauréat (1/2);autre emp. non qual.;24
assez importante;oui, beaucoup;assez bon;oui;masculin;CEP ou fin études;autre emp. non qual.;26
assez importante;oui, un peu;très mauvais;oui;féminin;BEPC-BE-BEPS;cadre moyen;45
très importante;oui, beaucoup;assez bon;non;féminin;BEPC-BE-BEPS;manoeuvre;62
assez importante;oui, un peu;ne sait pas;non;féminin;BEPC-BE-BEPS;employé de commerce;27
très importante;oui, un peu;très mauvais;non;masculin;baccalauréat (1/2);petit commercant;26
très importante;oui, un peu;assez bon;oui;féminin;université,gde école;cadre supérieur;24
très importante;oui, beaucoup;assez mauvais;oui;masculin;brevet sup.;cadre moyen;52
très importante;oui, beaucoup;assez bon;oui;masculin;BEPC-BE-BEPS;cadre moyen;23
très importante;oui, beaucoup;assez bon;oui;masculin;CEP ou fin études;autre emp. non qual.;50
très importante;oui, un peu;assez mauvais;oui;masculin;BEPC-BE-BEPS;employé de commerce;30
très importante;oui, un peu;assez mauvais;oui;masculin;CEP ou fin études;ouvrier spécialisé;55
assez importante;oui, beaucoup;assez mauvais;non;masculin;CEP ou fin études;ouvrier qualifié;52
très importante;oui, un peu;très mauvais;oui;féminin;BEPC-BE-BEPS;ouvrier qualifié;35
très importante;oui, beaucoup;ne sait pas;oui;masculin;CEP ou fin études;contremaître;39
assez importante;oui, un peu;assez mauvais;oui;masculin;CEP ou fin études;ouvrier spécialisé;45
assez importante;pas du tout;très mauvais;oui;féminin;CEP ou fin études;ouvrier spécialisé;29
assez importante;oui, un peu;assez bon;oui;masculin;baccalauréat (1/2);Non-réponse;18
très importante;oui, beaucoup;assez mauvais;oui;féminin;baccalauréat (1/2);employé de commerce;25
très importante;oui, beaucoup;assez bon;non;féminin;baccalauréat (1/2);cadre moyen;26
très importante;oui, beaucoup;assez bon;non;féminin;aucun;Non-réponse;45
très importante;oui, un peu;assez mauvais;oui;féminin;CEP ou fin études;autre employé qual.;77
très importante;oui, beaucoup;assez bon;non;féminin;baccalauréat (1/2);cadre moyen;40
très importante;oui, beaucoup;assez bon;oui;masculin;BEPC-BE-BEPS;cadre moyen;70
très importante;oui, beaucoup;assez mauvais;oui;féminin;BEPC-BE-BEPS;autre employé qual.;68
très importante;oui, beaucoup;assez bon;non;féminin;BEPC-BE-BEPS;cadre moyen;53
très importante;oui, beaucoup;très mauvais;ne sait pas;masculin;BEPC-BE-BEPS;ouvrier qualifié;30
très importante;oui, beaucoup;très mauvais;ne sait pas;masculin;baccalauréat (1/2);autre actif;56
assez importante;oui, un peu;très mauvais;oui;masculin;CEP ou fin études;ouvrier spécialisé;28
très importante;oui, un peu;assez mauvais;oui;masculin;baccalauréat (1/2);contremaître;35
très importante;oui, un peu;assez mauvais;oui;masculin;CEP ou fin études;autre emp. non qual.;42
très importante;oui, un peu;assez bon;oui;féminin;aucun;employé de commerce;19
très importante;oui, beaucoup;assez bon;oui;masculin;aucun;ouvrier qualifié;20
très importante;oui, un peu;ne sait pas;ne sait pas;féminin;CEP ou fin études;ouvrier qualifié;24
très importante;oui, un peu;très mauvais;oui;masculin;CEP ou fin études;ouvrier qualifié;35
assez importante;pas du tout;assez mauvais;oui;féminin;CEP ou fin études;ouvrier spécialisé;30
très importante;pas du tout;assez bon;non;féminin;CEP ou fin études;personnel de service;28
très importante;oui, un peu;très mauvais;oui;féminin;aucun;personnel de service;48
très importante;oui, un peu;assez mauvais;oui;féminin;baccalauréat (1/2);Non-réponse;19
très importante;oui, beaucoup;assez mauvais;oui;masculin;baccalauréat (1/2);Non-réponse;18
très importante;oui, beaucoup;assez mauvais;oui;féminin;CEP ou fin études;Non-réponse;42
très importante;oui, beaucoup;très mauvais;oui;féminin;aucun;ouvrier spécialisé;54
très importante;oui, un peu;assez mauvais;oui;féminin;BEPC-BE-BEPS;Non-réponse;55
très importante;oui, un peu;ne veut pas répondre;ne sait pas;féminin;aucun;ouvrier spécialisé;65
très importante;pas du tout;très mauvais;oui;masculin;CEP ou fin études;ouvrier qualifié;66
très importante;oui, beaucoup;assez bon;oui;masculin;CEP ou fin études;exploitant agricole;41
très importante;oui, beaucoup;assez mauvais;ne sait pas;masculin;université,gde école;petit commercant;30
très importante;oui, un peu;très mauvais;oui;masculin;BEPC-BE-BEPS;autre employé qual.;31
très importante;oui, un peu;assez bon;oui;féminin;CEP ou fin études;autre employé qual.;33
très importante;oui, un peu;assez mauvais;oui;masculin;université,gde école;autre emp. non qual.;31
très importante;oui, beaucoup;très mauvais;oui;féminin;BEPC-BE-BEPS;ouvrier spécialisé;19
très importante;oui, un peu;assez mauvais;oui;masculin;BEPC-BE-BEPS;ouvrier qualifié;24
assez importante;Non-réponse;assez mauvais;oui;féminin;aucun;ouvrier spécialisé;21
assez importante;pas du tout;très mauvais;oui;masculin;CEP ou fin études;ouvrier qualifié;36
assez importante;oui, un peu;assez mauvais;oui;féminin;CEP ou fin études;ouvrier spécialisé;40
assez importante;pas du tout;assez bon;ne sait pas;féminin;CEP ou fin études;personnel de service;44
très importante;pas du tout;très mauvais;oui;masculin;CEP ou fin études;ouvrier qualifié;28
très importante;oui, un peu;assez bon;ne sait pas;féminin;CEP ou fin études;autre emp. non qual.;75
très importante;oui, un peu;assez mauvais;oui;féminin;CEP ou fin études;autre emp. non qual.;56
très importante;oui, un peu;assez mauvais;oui;féminin;université,gde école;Non-réponse;36
très importante;oui, un peu;assez bon;oui;féminin;CEP ou fin études;Non-réponse;55
très importante;oui, un peu;très mauvais;oui;féminin;baccalauréat (1/2);cadre moyen;22
très importante;oui, un peu;assez mauvais;oui;masculin;brevet sup.;cadre supérieur;71
assez importante;Non-réponse;assez mauvais;oui;féminin;CEP ou fin études;ouvrier spécialisé;71
très importante;pas du tout;très mauvais;oui;masculin;aucun;cadre moyen;22
très importante;oui, un peu;assez mauvais;oui;féminin;université,gde école;cadre moyen;28
très importante;oui, un peu;assez mauvais;oui;masculin;CEP ou fin études;petit commercant;55
très importante;oui, un peu;assez bon;oui;masculin;baccalauréat (1/2);contremaître;29
très importante;oui, beaucoup;assez mauvais;oui;féminin;université,gde école;autre employé qual.;27
très importante;oui, un peu;assez bon;oui;féminin;CEP ou fin études;ouvrier qualifié;31
très importante;oui, beaucoup;très mauvais;oui;masculin;CEP ou fin études;contremaître;42
très importante;oui, un peu;assez bon;oui;masculin;CEP ou fin études;ouvrier spécialisé;28
assez importante;oui, un peu;assez mauvais;oui;féminin;CEP ou fin études;ouvrier spécialisé;33
assez importante;oui, beaucoup;assez mauvais;non;masculin;baccalauréat (1/2);cadre moyen;19
très importante;oui, beaucoup;très mauvais;oui;masculin;baccalauréat (1/2);cadre moyen;27
assez importante;pas du tout;assez mauvais;oui;masculin;BEPC-BE-BEPS;Non-réponse;19
assez importante;oui, un peu;assez mauvais;oui;féminin;CEP ou fin études;Non-réponse;64
assez importante;oui, beaucoup;assez mauvais;oui;féminin;BEPC-BE-BEPS;Non-réponse;55
très importante;oui, un peu;très mauvais;oui;féminin;aucun;personnel de service;21
très importante;oui, un peu;assez bon;non;féminin;CEP ou fin études;autre emp. non qual.;34
très importante;oui, un peu;ne sait pas;oui;féminin;aucun;ouvrier qualifié;41
très importante;oui, un peu;très mauvais;non;féminin;CEP ou fin études;Non-réponse;42
très importante;oui, beaucoup;assez bon;non;masculin;CEP ou fin études;exploitant agricole;66
très importante;oui, beaucoup;assez bon;oui;féminin;BEPC-BE-BEPS;contremaître;66
très importante;oui, beaucoup;assez bon;oui;féminin;BEPC-BE-BEPS;autre emp. non qual.;31
assez importante;oui, un peu;assez bon;non;féminin;CEP ou fin études;autre emp. non qual.;51
très importante;oui, un peu;assez bon;oui;masculin;université,gde école;cadre supérieur;39
très importante;oui, un peu;assez mauvais;non;masculin;baccalauréat (1/2);cadre moyen;34
très importante;oui, un peu;assez mauvais;oui;masculin;aucun;cadre moyen;40
très importante;oui, un peu;très mauvais;oui;féminin;aucun;employé de commerce;29
assez importante;oui, un peu;assez mauvais;oui;masculin;CEP ou fin études;ouvrier qualifié;32
très importante;oui, beaucoup;assez mauvais;oui;masculin;aucun;ouvrier qualifié;24
assez importante;oui, un peu;ne sait pas;oui;féminin;CEP ou fin études;ouvrier spécialisé;28
assez importante;pas du tout;assez mauvais;oui;masculin;CEP ou fin études;ouvrier qualifié;44
très importante;oui, un peu;très mauvais;oui;masculin;CEP ou fin études;ouvrier qualifié;44
assez importante;pas du tout;assez bon;ne sait pas;masculin;aucun;ouvrier spécialisé;58
très importante;oui, un peu;très bon;non;masculin;CEP ou fin études;ouvrier qualifié;51
peu importante;pas du tout;assez mauvais;ne sait pas;féminin;aucun;ouvrier qualifié;22
très importante;pas du tout;assez mauvais;oui;féminin;baccalauréat (1/2);Non-réponse;19
très importante;pas du tout;ne sait pas;oui;féminin;aucun;employé de commerce;33
très importante;oui, un peu;assez mauvais;oui;féminin;CEP ou fin études;cadre moyen;36
assez importante;oui, un peu;assez bon;non;féminin;aucun;ouvrier spécialisé;34
assez importante;oui, beaucoup;très mauvais;oui;féminin;CEP ou fin études;ouvrier spécialisé;29
assez importante;oui, beaucoup;assez mauvais;oui;féminin;CEP ou fin études;Non-réponse;30
très importante;oui, un peu;assez bon;non;féminin;CEP ou fin études;employé de commerce;71
très importante;oui, beaucoup;très mauvais;oui;féminin;CEP ou fin études;Non-réponse;80
très importante;pas du tout;assez mauvais;oui;féminin;CEP ou fin études;manoeuvre;63
assez importante;oui, un peu;assez mauvais;oui;masculin;aucun;ouvrier spécialisé;65
très importante;pas du tout;assez bon;non;masculin;aucun;ouvrier qualifié;74
très importante;oui, un peu;assez mauvais;ne sait pas;masculin;CEP ou fin études;ouvrier spécialisé;59
assez importante;oui, un peu;assez mauvais;non;masculin;aucun;ouvrier spécialisé;70
assez importante;pas du tout;assez bon;oui;masculin;aucun;ouvrier spécialisé;66
assez importante;oui, beaucoup;assez mauvais;oui;féminin;CEP ou fin études;autre employé qual.;36
assez importante;oui, un peu;très mauvais;oui;masculin;aucun;petit commercant;54
très importante;oui, beaucoup;assez bon;non;masculin;université,gde école;cadre supérieur;52
très importante;oui, beaucoup;assez mauvais;oui;masculin;CEP ou fin études;cadre moyen;58
très importante;oui, un peu;assez mauvais;oui;féminin;baccalauréat (1/2);cadre moyen;51
très importante;oui, un peu;assez mauvais;oui;féminin;baccalauréat (1/2);autre employé qual.;26
assez importante;oui, un peu;ne veut pas répondre;ne sait pas;féminin;BEPC-BE-BEPS;artisan;33
assez importante;oui, un peu;très mauvais;oui;masculin;université,gde école;ouvrier spécialisé;28
peu importante;oui, beaucoup;très mauvais;oui;masculin;CEP ou fin études;ouvrier qualifié;28
assez importante;oui, beaucoup;assez mauvais;oui;masculin;aucun;ouvrier qualifié;60
assez importante;oui, beaucoup;assez mauvais;oui;féminin;aucun;cadre moyen;30
très importante;pas du tout;ne sait pas;non;masculin;université,gde école;cadre supérieur;61
très importante;oui, beaucoup;très mauvais;oui;féminin;université,gde école;Non-réponse;24
très importante;oui, beaucoup;ne sait pas;oui;masculin;baccalauréat (1/2);Non-réponse;22
très importante;oui, beaucoup;assez mauvais;oui;féminin;université,gde école;Non-réponse;24
très importante;oui, un peu;assez mauvais;oui;féminin;BEPC-BE-BEPS;ouvrier spécialisé;25
assez importante;oui, beaucoup;ne sait pas;oui;féminin;baccalauréat (1/2);cadre moyen;32
très importante;oui, beaucoup;assez mauvais;oui;féminin;université,gde école;cadre supérieur;50
très importante;pas du tout;assez mauvais;oui;féminin;baccalauréat (1/2);petit commercant;49
très importante;oui, un peu;très mauvais;oui;féminin;CEP ou fin études;Non-réponse;77
très importante;oui, beaucoup;assez mauvais;oui;masculin;CEP ou fin études;petit commercant;69
très importante;oui, beaucoup;assez bon;non;masculin;université,gde école;cadre supérieur;78
très importante;oui, un peu;ne sait pas;ne sait pas;masculin;aucun;autre emp. non qual.;72
assez importante;oui, un peu;très mauvais;oui;féminin;CEP ou fin études;Non-réponse;37
très importante;oui, beaucoup;assez mauvais;oui;masculin;université,gde école;patron indus.commer.;54
très importante;oui, beaucoup;assez mauvais;non;masculin;université,gde école;cadre supérieur;37
très importante;oui, beaucoup;assez bon;oui;féminin;baccalauréat (1/2);cadre moyen;21
très importante;oui, un peu;assez mauvais;oui;masculin;baccalauréat (1/2);cadre moyen;24
assez importante;oui, un peu;assez mauvais;oui;féminin;aucun;autre employé qual.;51
très importante;oui, beaucoup;ne sait pas;ne sait pas;féminin;CEP ou fin études;employé de commerce;57
assez importante;oui, beaucoup;assez mauvais;oui;féminin;BEPC-BE-BEPS;autre emp. non qual.;24
assez importante;oui, un peu;assez mauvais;oui;masculin;CEP ou fin études;ouvrier spécialisé;27
très importante;oui, beaucoup;assez bon;oui;masculin;CEP ou fin études;ouvrier qualifié;30
assez importante;pas du tout;assez mauvais;ne sait pas;féminin;aucun;manoeuvre;79
très importante;oui, un peu;assez bon;oui;féminin;CEP ou fin études;ouvrier qualifié;51
très importante;oui, beaucoup;assez bon;ne sait pas;masculin;aucun;ouvrier spécialisé;20
très importante;oui, beaucoup;assez mauvais;ne sait pas;masculin;aucun;contremaître;47
assez importante;oui, un peu;assez bon;oui;féminin;aucun;autre employé qual.;30
très importante;oui, beaucoup;assez mauvais;oui;féminin;baccalauréat (1/2);Non-réponse;18
très importante;oui, un peu;assez bon;non;masculin;baccalauréat (1/2);Non-réponse;21
pas du tout import.;pas du tout;assez mauvais;oui;féminin;CEP ou fin études;autre emp. non qual.;79
peu importante;oui, un peu;ne sait pas;non;féminin;aucun;ouvrier spécialisé;53
assez importante;oui, un peu;très mauvais;oui;féminin;autre;Non-réponse;53
très importante;oui, un peu;assez mauvais;oui;féminin;aucun;ouvrier spécialisé;44
très importante;oui, un peu;assez mauvais;non;féminin;aucun;personnel de service;26
assez importante;oui, beaucoup;assez mauvais;oui;féminin;CEP ou fin études;autre emp. non qual.;69
peu importante;pas du tout;ne sait pas;ne sait pas;féminin;CEP ou fin études;ouvrier qualifié;63
pas du tout import.;oui, un peu;assez mauvais;oui;masculin;aucun;ouvrier qualifié;72
assez importante;oui, un peu;assez mauvais;oui;féminin;aucun;autre emp. non qual.;55
pas du tout import.;pas du tout;assez mauvais;oui;masculin;CEP ou fin études;artisan;58
très importante;oui, un peu;ne veut pas répondre;oui;féminin;université,gde école;cadre supérieur;40
très importante;pas du tout;très mauvais;oui;masculin;baccalauréat (1/2);cadre moyen;52
assez importante;oui, beaucoup;assez mauvais;non;féminin;université,gde école;cadre moyen;30
peu importante;oui, un peu;très mauvais;oui;féminin;CEP ou fin études;employé de commerce;41
très importante;oui, beaucoup;très mauvais;oui;féminin;aucun;autre employé qual.;36
assez importante;oui, un peu;assez mauvais;oui;masculin;aucun;autre emp. non qual.;30
assez importante;oui, un peu;assez bon;oui;masculin;CEP ou fin études;ouvrier qualifié;39
assez importante;oui, un peu;très bon;non;masculin;aucun;ouvrier qualifié;23
assez importante;oui, un peu;assez bon;oui;féminin;aucun;ouvrier spécialisé;21
pas du tout import.;oui, un peu;très mauvais;oui;masculin;CEP ou fin études;ouvrier qualifié;25
assez importante;oui, un peu;assez mauvais;oui;masculin;CEP ou fin études;ouvrier spécialisé;44
peu importante;oui, beaucoup;assez bon;oui;masculin;aucun;ouvrier qualifié;19
très importante;oui, un peu;très mauvais;oui;masculin;aucun;ouvrier qualifié;51
assez importante;oui, un peu;très mauvais;oui;féminin;CEP ou fin études;personnel de service;40
très importante;oui, un peu;très mauvais;oui;féminin;CEP ou fin études;personnel de service;23
assez importante;oui, beaucoup;très mauvais;oui;masculin;baccalauréat (1/2);Non-réponse;22
peu importante;oui, un peu;assez bon;oui;féminin;aucun;personnel de service;49
très importante;oui, un peu;assez bon;oui;féminin;aucun;personnel de service;26
très importante;oui, un peu;assez mauvais;oui;féminin;CEP ou fin études;ouvrier qualifié;23
très importante;oui, un peu;assez mauvais;oui;féminin;BEPC-BE-BEPS;cadre moyen;28
assez importante;oui, un peu;ne veut pas répondre;non;féminin;CEP ou fin études;ouvrier qualifié;30
peu importante;pas du tout;assez mauvais;ne sait pas;féminin;aucun;ouvrier spécialisé;66
assez importante;pas du tout;très mauvais;oui;masculin;aucun;petit commercant;73
très importante;pas du tout;très mauvais;non;féminin;aucun;ouvrier qualifié;70
très importante;pas du tout;assez bon;oui;masculin;baccalauréat (1/2);cadre moyen;70
pas du tout import.;pas du tout;assez bon;non;masculin;université,gde école;cadre supérieur;24
très importante;oui, un peu;assez bon;oui;masculin;baccalauréat (1/2);autre emp. non qual.;28
assez importante;oui, beaucoup;très mauvais;oui;masculin;CEP ou fin études;ouvrier spécialisé;45
très importante;oui, beaucoup;assez mauvais;oui;masculin;BEPC-BE-BEPS;ouvrier qualifié;30
très importante;oui, beaucoup;assez bon;oui;masculin;BEPC-BE-BEPS;autre emp. non qual.;33
très importante;oui, un peu;assez mauvais;ne sait pas;féminin;CEP ou fin études;personnel de service;62
très importante;oui, un peu;très mauvais;ne sait pas;féminin;CEP ou fin études;ouvrier qualifié;29
assez importante;oui, un peu;assez bon;ne sait pas;féminin;BEPC-BE-BEPS;Non-réponse;31
assez importante;oui, un peu;assez mauvais;oui;féminin;CEP ou fin études;Non-réponse;41
assez importante;oui, beaucoup;ne sait pas;non;féminin;aucun;ouvrier spécialisé;81
très importante;oui, un peu;très bon;non;féminin;BEPC-BE-BEPS;Non-réponse;77
très importante;oui, un peu;assez mauvais;oui;féminin;BEPC-BE-BEPS;petit commercant;37
assez importante;oui, un peu;assez mauvais;oui;masculin;université,gde école;cadre moyen;48
très importante;oui, un peu;assez mauvais;oui;masculin;université,gde école;autre employé qual.;32
très importante;oui, un peu;assez mauvais;non;féminin;baccalauréat (1/2);autre employé qual.;23
très importante;oui, beaucoup;assez mauvais;oui;masculin;BEPC-BE-BEPS;ouvrier qualifié;29
très importante;oui, un peu;très mauvais;oui;masculin;CEP ou fin études;manoeuvre;49
assez importante;oui, beaucoup;assez mauvais;oui;féminin;CEP ou fin études;personnel de service;41
très importante;oui, beaucoup;assez mauvais;oui;masculin;baccalauréat (1/2);Non-réponse;18
très importante;oui, un peu;assez bon;oui;féminin;CEP ou fin études;ouvrier spécialisé;37
assez importante;oui, beaucoup;assez bon;non;féminin;baccalauréat (1/2);autre employé qual.;24
assez importante;oui, un peu;assez bon;non;masculin;CEP ou fin études;autre actif;64
très importante;oui, un peu;assez mauvais;oui;féminin;université,gde école;cadre supérieur;27
très importante;oui, beaucoup;assez bon;oui;féminin;aucun;ouvrier qualifié;37
assez importante;oui, un peu;assez mauvais;oui;féminin;aucun;ouvrier spécialisé;27
très importante;oui, beaucoup;assez bon;oui;masculin;CEP ou fin études;ouvrier qualifié;35
très importante;oui, beaucoup;assez mauvais;non;masculin;BEPC-BE-BEPS;cadre moyen;39
très importante;oui, un peu;assez bon;oui;féminin;CEP ou fin études;ouvrier qualifié;44
très importante;oui, un peu;assez mauvais;oui;féminin;CEP ou fin études;autre emp. non qual.;31
très importante;oui, un peu;assez mauvais;oui;masculin;aucun;ouvrier spécialisé;32
assez importante;pas du tout;assez bon;oui;féminin;CEP ou fin études;ouvrier spécialisé;20
très importante;oui, un peu;assez bon;oui;masculin;aucun;ouvrier qualifié;56
très importante;oui, beaucoup;assez mauvais;oui;féminin;université,gde école;Non-réponse;20
très importante;oui, beaucoup;assez mauvais;oui;féminin;baccalauréat (1/2);Non-réponse;48
très importante;oui, un peu;très mauvais;oui;féminin;baccalauréat (1/2);personnel de service;19
très importante;oui, beaucoup;assez bon;non;féminin;autre;cadre moyen;24
très importante;oui, un peu;assez bon;non;masculin;université,gde école;cadre supérieur;65
très importante;oui, un peu;assez mauvais;oui;masculin;CEP ou fin études;autre actif;68
très importante;oui, beaucoup;assez bon;oui;féminin;aucun;autre emp. non qual.;66
très importante;oui, beaucoup;assez bon;oui;féminin;BEPC-BE-BEPS;cadre moyen;59
très importante;pas du tout;assez mauvais;non;féminin;aucun;petit commercant;59
très importante;oui, beaucoup;assez bon;oui;masculin;université,gde école;cadre supérieur;36
très importante;oui, beaucoup;ne sait pas;oui;masculin;baccalauréat (1/2);cadre moyen;29
très importante;oui, un peu;assez mauvais;oui;féminin;université,gde école;cadre moyen;30
très importante;oui, un peu;assez bon;oui;féminin;aucun;autre employé qual.;21
assez importante;oui, beaucoup;assez bon;oui;féminin;BEPC-BE-BEPS;autre emp. non qual.;27
assez importante;oui, un peu;assez mauvais;non;masculin;CEP ou fin études;ouvrier spécialisé;37
assez importante;oui, un peu;très mauvais;non;féminin;CEP ou fin études;petit commercant;59
très importante;oui, un peu;assez mauvais;oui;féminin;CEP ou fin études;ouvrier spécialisé;42
très importante;oui, un peu;très mauvais;oui;masculin;CEP ou fin études;manoeuvre;27
très importante;oui, un peu;très mauvais;oui;féminin;aucun;autre emp. non qual.;61
assez importante;oui, un peu;assez mauvais;non;masculin;CEP ou fin études;contremaître;82
assez importante;oui, un peu;assez bon;oui;masculin;CEP ou fin études;ouvrier qualifié;38
assez importante;pas du tout;ne sait pas;oui;féminin;aucun;personnel de service;59
très importante;oui, un peu;très mauvais;oui;féminin;BEPC-BE-BEPS;Non-réponse;18
très importante;oui, beaucoup;assez mauvais;oui;masculin;baccalauréat (1/2);Non-réponse;22
très importante;oui, un peu;assez bon;non;féminin;université,gde école;Non-réponse;29
assez importante;oui, un peu;très mauvais;oui;masculin;BEPC-BE-BEPS;exploitant agricole;68
très importante;oui, beaucoup;ne sait pas;oui;féminin;aucun;ouvrier qualifié;45
très importante;oui, un peu;assez mauvais;oui;féminin;CEP ou fin études;personnel de service;37
très importante;oui, un peu;assez bon;oui;féminin;BEPC-BE-BEPS;autre employé qual.;79
peu importante;oui, un peu;très mauvais;oui;féminin;CEP ou fin études;autre employé qual.;62
très importante;oui, beaucoup;assez mauvais;non;masculin;BEPC-BE-BEPS;artisan;59
très importante;oui, un peu;ne sait pas;ne sait pas;masculin;université,gde école;profession libérale;30
assez importante;oui, un peu;assez bon;oui;masculin;université,gde école;cadre moyen;28
très importante;oui, un peu;assez mauvais;oui;masculin;brevet sup.;cadre moyen;54
très importante;oui, un peu;assez bon;non;féminin;baccalauréat (1/2);cadre moyen;22
très importante;oui, beaucoup;très mauvais;oui;masculin;CEP ou fin études;employé de commerce;24
très importante;oui, beaucoup;très mauvais;oui;féminin;baccalauréat (1/2);autre emp. non qual.;26
très importante;oui, un peu;assez bon;non;féminin;université,gde école;employé de commerce;26
très importante;oui, un peu;très mauvais;oui;masculin;CEP ou fin études;ouvrier qualifié;37
très importante;oui, un peu;très mauvais;oui;masculin;BEPC-BE-BEPS;ouvrier qualifié;22
assez importante;oui, un peu;assez bon;non;féminin;aucun;ouvrier spécialisé;54
très importante;oui, un peu;assez mauvais;oui;masculin;BEPC-BE-BEPS;ouvrier qualifié;32
très importante;oui, un peu;assez mauvais;oui;féminin;BEPC-BE-BEPS;ouvrier spécialisé;29
très importante;oui, un peu;très mauvais;oui;masculin;CEP ou fin études;ouvrier qualifié;30
très importante;oui, beaucoup;assez mauvais;non;masculin;CEP ou fin études;personnel de service;48
très importante;oui, un peu;assez bon;non;féminin;université,gde école;Non-réponse;26
assez importante;oui, un peu;très mauvais;oui;féminin;baccalauréat (1/2);Non-réponse;18
très importante;oui, un peu;assez bon;non;féminin;baccalauréat (1/2);cadre moyen;39
très importante;oui, beaucoup;assez bon;non;féminin;BEPC-BE-BEPS;Non-réponse;75
très importante;oui, beaucoup;assez mauvais;oui;féminin;aucun;autre employé qual.;48
très importante;pas du tout;très mauvais;oui;masculin;aucun;ouvrier spécialisé;43
très importante;oui, un peu;assez bon;non;masculin;CEP ou fin études;exploitant agricole;66
très importante;pas du tout;assez mauvais;oui;masculin;aucun;ouvrier qualifié;77
très importante;pas du tout;très mauvais;oui;masculin;CEP ou fin études;cadre moyen;74
très importante;oui, beaucoup;très mauvais;oui;féminin;CEP ou fin études;artisan;58
très importante;oui, un peu;assez bon;oui;masculin;brevet sup.;autre actif;54
assez importante;oui, un peu;ne sait pas;oui;féminin;CEP ou fin études;employé de commerce;33
assez importante;oui, un peu;assez mauvais;oui;masculin;CEP ou fin études;ouvrier qualifié;25
très importante;oui, un peu;très mauvais;oui;masculin;baccalauréat (1/2);autre emp. non qual.;42
très importante;oui, un peu;très mauvais;oui;masculin;université,gde école;autre emp. non qual.;33
très importante;oui, un peu;assez bon;oui;masculin;baccalauréat (1/2);cadre moyen;27
très importante;oui, un peu;très mauvais;oui;masculin;CEP ou fin études;manoeuvre;58
très importante;pas du tout;assez bon;non;masculin;CEP ou fin études;exploitant agricole;49
très importante;oui, un peu;assez mauvais;non;masculin;CEP ou fin études;ouvrier spécialisé;79
assez importante;oui, un peu;très mauvais;oui;masculin;CEP ou fin études;cadre moyen;60
très importante;oui, un peu;très mauvais;oui;féminin;BEPC-BE-BEPS;autre employé qual.;40
très importante;oui, beaucoup;assez mauvais;non;féminin;BEPC-BE-BEPS;artisan;31
assez importante;oui, un peu;très mauvais;oui;féminin;CEP ou fin études;petit commercant;58
très importante;oui, un peu;très mauvais;oui;féminin;université,gde école;Non-réponse;20
très importante;pas du tout;assez mauvais;oui;féminin;BEPC-BE-BEPS;Non-réponse;19
très importante;oui, un peu;très mauvais;oui;féminin;BEPC-BE-BEPS;Non-réponse;23
assez importante;oui, beaucoup;assez mauvais;oui;féminin;baccalauréat (1/2);Non-réponse;44
très importante;oui, beaucoup;assez mauvais;oui;féminin;baccalauréat (1/2);cadre moyen;38
assez importante;oui, un peu;assez bon;oui;féminin;aucun;Non-réponse;79
assez importante;oui, un peu;assez bon;non;masculin;CEP ou fin études;manoeuvre;67
très importante;oui, un peu;assez bon;non;masculin;BEPC-BE-BEPS;cadre moyen;68
assez importante;oui, beaucoup;assez mauvais;oui;féminin;CEP ou fin études;ouvrier spécialisé;53
assez importante;oui, un peu;assez mauvais;non;masculin;CEP ou fin études;artisan;66
assez importante;oui, un peu;ne veut pas répondre;non;féminin;CEP ou fin études;exploitant agricole;53
très importante;oui, beaucoup;assez bon;oui;féminin;BEPC-BE-BEPS;cadre moyen;29
très importante;oui, un peu;très mauvais;oui;féminin;baccalauréat (1/2);profession libérale;39
assez importante;oui, beaucoup;assez bon;oui;masculin;baccalauréat (1/2);manoeuvre;30
très importante;oui, beaucoup;très mauvais;oui;masculin;baccalauréat (1/2);autre emp. non qual.;26
très importante;oui, beaucoup;assez mauvais;oui;féminin;CEP ou fin études;personnel de service;40
assez importante;oui, un peu;assez mauvais;oui;masculin;CEP ou fin études;ouvrier spécialisé;29
très importante;oui, beaucoup;assez bon;oui;féminin;baccalauréat (1/2);petit commercant;56
très importante;oui, un peu;assez mauvais;non;masculin;CEP ou fin études;exploitant agricole;44
assez importante;oui, beaucoup;très mauvais;oui;féminin;CEP ou fin études;petit commercant;50
très importante;oui, beaucoup;très mauvais;oui;féminin;CEP ou fin études;autre emp. non qual.;29
assez importante;oui, beaucoup;assez bon;non;féminin;baccalauréat (1/2);cadre supérieur;25
très importante;pas du tout;assez bon;non;féminin;aucun;personnel de service;39
Non-réponse;oui, un peu;assez bon;ne sait pas;féminin;aucun;personnel de service;72
très importante;oui, beaucoup;assez bon;oui;masculin;université,gde école;profession libérale;82
peu importante;oui, un peu;ne veut pas répondre;oui;féminin;aucun;cadre moyen;73
très importante;oui, beaucoup;assez mauvais;oui;masculin;CEP ou fin études;petit commercant;66
assez importante;oui, un peu;très bon;non;masculin;aucun;petit commercant;70
assez importante;oui, beaucoup;assez mauvais;non;masculin;BEPC-BE-BEPS;artisan;44
assez importante;oui, un peu;assez bon;ne sait pas;masculin;CEP ou fin études;ouvrier qualifié;55
très importante;oui, un peu;ne veut pas répondre;oui;féminin;BEPC-BE-BEPS;personnel de service;54
très importante;oui, un peu;assez bon;oui;masculin;BEPC-BE-BEPS;autre emp. non qual.;24
assez importante;oui, un peu;ne veut pas répondre;oui;féminin;BEPC-BE-BEPS;autre emp. non qual.;34
très importante;oui, un peu;ne veut pas répondre;oui;féminin;aucun;autre emp. non qual.;23
assez importante;oui, beaucoup;ne sait pas;oui;masculin;aucun;ouvrier spécialisé;56
assez importante;oui, un peu;très mauvais;oui;masculin;CEP ou fin études;ouvrier qualifié;79
assez importante;oui, un peu;ne sait pas;ne sait pas;masculin;aucun;ouvrier spécialisé;34
très importante;oui, beaucoup;très mauvais;oui;masculin;aucun;ouvrier spécialisé;38
très importante;oui, un peu;assez bon;oui;masculin;CEP ou fin études;ouvrier spécialisé;26
très importante;oui, beaucoup;assez mauvais;oui;féminin;université,gde école;cadre supérieur;49
très importante;oui, beaucoup;très bon;oui;féminin;baccalauréat (1/2);Non-réponse;39
assez importante;oui, un peu;assez mauvais;non;féminin;baccalauréat (1/2);employé de commerce;60
très importante;oui, beaucoup;assez bon;oui;féminin;CEP ou fin études;ouvrier spécialisé;36
assez importante;oui, beaucoup;ne sait pas;oui;féminin;brevet sup.;inconnu;67
assez importante;oui, un peu;assez mauvais;ne sait pas;féminin;CEP ou fin études;employé de commerce;81
assez importante;oui, un peu;très mauvais;oui;féminin;aucun;ouvrier spécialisé;57
assez importante;pas du tout;assez mauvais;oui;masculin;aucun;inconnu;78
très importante;oui, un peu;assez bon;oui;masculin;autre;autre actif;79
très importante;oui, beaucoup;assez bon;oui;masculin;BEPC-BE-BEPS;cadre supérieur;64
très importante;oui, beaucoup;assez mauvais;oui;masculin;BEPC-BE-BEPS;autre emp. non qual.;54
très importante;oui, un peu;très mauvais;oui;masculin;CEP ou fin études;autre emp. non qual.;37
assez importante;oui, un peu;assez mauvais;oui;masculin;aucun;ouvrier spécialisé;30
assez importante;oui, un peu;assez mauvais;oui;masculin;aucun;ouvrier qualifié;53
très importante;oui, un peu;assez mauvais;oui;féminin;BEPC-BE-BEPS;Non-réponse;18
très importante;oui, un peu;assez mauvais;oui;féminin;CEP ou fin études;employé de commerce;26
assez importante;oui, beaucoup;assez bon;oui;féminin;CEP ou fin études;Non-réponse;41
très importante;oui, beaucoup;très mauvais;oui;féminin;aucun;petit commercant;65
très importante;pas du tout;très mauvais;oui;féminin;CEP ou fin études;autre employé qual.;65
assez importante;oui, beaucoup;assez mauvais;oui;masculin;CEP ou fin études;cadre moyen;30
très importante;oui, beaucoup;assez mauvais;oui;masculin;BEPC-BE-BEPS;autre emp. non qual.;23
assez importante;oui, un peu;assez mauvais;ne sait pas;féminin;CEP ou fin études;ouvrier qualifié;49
assez importante;oui, beaucoup;assez mauvais;oui;masculin;CEP ou fin études;ouvrier spécialisé;34
très importante;oui, un peu;très mauvais;oui;masculin;CEP ou fin études;ouvrier qualifié;27
peu importante;oui, beaucoup;assez mauvais;ne sait pas;féminin;CEP ou fin études;ouvrier qualifié;56
assez importante;oui, beaucoup;ne sait pas;non;féminin;CEP ou fin études;personnel de service;53
assez importante;oui, beaucoup;assez mauvais;non;féminin;baccalauréat (1/2);Non-réponse;30
assez importante;oui, beaucoup;assez bon;oui;féminin;CEP ou fin études;Non-réponse;25
assez importante;oui, un peu;assez mauvais;ne sait pas;féminin;aucun;personnel de service;72
assez importante;oui, un peu;ne sait pas;non;féminin;CEP ou fin études;autre emp. non qual.;64
assez importante;oui, un peu;assez mauvais;oui;masculin;CEP ou fin études;autre emp. non qual.;66
très importante;oui, un peu;ne sait pas;non;féminin;CEP ou fin études;artisan;40
très importante;oui, un peu;très mauvais;oui;féminin;université,gde école;cadre moyen;27
très importante;oui, un peu;assez mauvais;oui;masculin;brevet sup.;cadre moyen;33
très importante;oui, beaucoup;très mauvais;oui;féminin;brevet sup.;autre employé qual.;27
très importante;pas du tout;ne sait pas;oui;féminin;CEP ou fin études;autre emp. non qual.;50
très importante;oui, beaucoup;assez mauvais;oui;masculin;baccalauréat (1/2);autre emp. non qual.;22
très importante;oui, beaucoup;assez bon;non;masculin;CEP ou fin études;ouvrier qualifié;31
très importante;pas du tout;assez mauvais;oui;masculin;BEPC-BE-BEPS;ouvrier spécialisé;28
très importante;oui, beaucoup;assez mauvais;oui;masculin;BEPC-BE-BEPS;ouvrier qualifié;25
très importante;oui, beaucoup;assez bon;non;masculin;BEPC-BE-BEPS;ouvrier qualifié;24
assez importante;Non-réponse;assez mauvais;oui;féminin;CEP ou fin études;ouvrier spécialisé;33
assez importante;oui, un peu;ne sait pas;oui;féminin;aucun;exploitant agricole;48
très importante;oui, beaucoup;assez mauvais;non;masculin;baccalauréat (1/2);Non-réponse;19
très importante;oui, un peu;assez mauvais;oui;masculin;brevet sup.;cadre moyen;32
assez importante;oui, beaucoup;très mauvais;oui;féminin;aucun;Non-réponse;44
assez importante;oui, un peu;assez mauvais;oui;féminin;CEP ou fin études;ouvrier spécialisé;39
peu importante;oui, beaucoup;ne sait pas;non;féminin;BEPC-BE-BEPS;petit commercant;32
très importante;oui, un peu;très mauvais;non;masculin;université,gde école;cadre supérieur;65
très importante;oui, beaucoup;assez mauvais;non;féminin;aucun;personnel de service;65
assez importante;oui, un peu;assez bon;oui;féminin;CEP ou fin études;ouvrier qualifié;84
très importante;oui, un peu;assez mauvais;non;féminin;université,gde école;profession libérale;64
très importante;oui, un peu;ne sait pas;non;masculin;CEP ou fin études;exploitant agricole;47
très importante;oui, un peu;très mauvais;oui;féminin;université,gde école;autre actif;30
très importante;oui, un peu;assez mauvais;oui;féminin;BEPC-BE-BEPS;Non-réponse;20
très importante;oui, un peu;assez mauvais;oui;masculin;BEPC-BE-BEPS;ouvrier qualifié;18
assez importante;pas du tout;assez mauvais;oui;masculin;aucun;ouvrier qualifié;55
très importante;oui, un peu;très mauvais;non;masculin;CEP ou fin études;artisan;54
assez importante;oui, un peu;assez mauvais;oui;féminin;CEP ou fin études;autre employé qual.;37
assez importante;oui, un peu;ne sait pas;ne sait pas;masculin;aucun;exploitant agricole;50
très importante;oui, un peu;ne sait pas;non;masculin;aucun;exploitant agricole;50
très importante;oui, un peu;assez mauvais;oui;féminin;université,gde école;cadre supérieur;31
très importante;oui, un peu;assez mauvais;ne sait pas;masculin;CEP ou fin études;exploitant agricole;26
assez importante;oui, un peu;assez mauvais;oui;masculin;aucun;exploitant agricole;49
très importante;oui, un peu;très bon;oui;féminin;aucun;personnel de service;81
assez importante;oui, un peu;assez mauvais;ne sait pas;masculin;aucun;exploitant agricole;56
assez importante;oui, un peu;assez mauvais;oui;masculin;CEP ou fin études;exploitant agricole;53
très importante;oui, un peu;assez mauvais;ne sait pas;masculin;CEP ou fin études;exploitant agricole;44
assez importante;oui, beaucoup;assez mauvais;non;féminin;baccalauréat (1/2);cadre moyen;38
très importante;oui, un peu;assez mauvais;oui;masculin;CEP ou fin études;exploitant agricole;40
assez importante;oui, un peu;ne sait pas;non;masculin;CEP ou fin études;exploitant agricole;51
très importante;oui, un peu;assez mauvais;non;masculin;CEP ou fin études;exploitant agricole;30
assez importante;oui, beaucoup;assez bon;non;féminin;CEP ou fin études;exploitant agricole;49
très importante;oui, un peu;ne sait pas;oui;féminin;CEP ou fin études;personnel de service;44
assez importante;oui, un peu;assez mauvais;ne sait pas;féminin;CEP ou fin études;exploitant agricole;47
assez importante;oui, un peu;assez mauvais;oui;masculin;CEP ou fin études;ouvrier qualifié;22
très importante;oui, un peu;ne veut pas répondre;oui;féminin;CEP ou fin études;autre emp. non qual.;55
très importante;oui, un peu;très mauvais;oui;masculin;CEP ou fin études;ouvrier spécialisé;47
assez importante;oui, un peu;assez mauvais;oui;masculin;CEP ou fin études;ouvrier qualifié;28
très importante;oui, un peu;assez mauvais;oui;masculin;aucun;personnel de service;51
très importante;oui, un peu;assez bon;non;féminin;BEPC-BE-BEPS;cadre moyen;34
assez importante;oui, un peu;assez mauvais;oui;féminin;BEPC-BE-BEPS;autre employé qual.;33
assez importante;oui, beaucoup;assez mauvais;oui;féminin;CEP ou fin études;autre emp. non qual.;29
très importante;oui, un peu;très mauvais;oui;féminin;aucun;exploitant agricole;74
assez importante;oui, un peu;assez bon;non;féminin;CEP ou fin études;exploitant agricole;68
assez importante;oui, beaucoup;assez mauvais;oui;masculin;université,gde école;cadre moyen;71
très importante;oui, un peu;très mauvais;oui;masculin;aucun;ouvrier qualifié;74
assez importante;oui, un peu;ne sait pas;non;masculin;aucun;exploitant agricole;67
très importante;oui, beaucoup;ne sait pas;oui;masculin;baccalauréat (1/2);autre actif;72
Non-réponse;oui, beaucoup;assez mauvais;oui;masculin;baccalauréat (1/2);cadre supérieur;43
assez importante;oui, un peu;assez bon;ne sait pas;masculin;aucun;exploitant agricole;60
très importante;oui, un peu;ne sait pas;oui;masculin;aucun;exploitant agricole;45
peu importante;oui, un peu;assez mauvais;ne sait pas;féminin;CEP ou fin études;exploitant agricole;56
assez importante;oui, un peu;assez bon;oui;féminin;BEPC-BE-BEPS;autre employé qual.;30
très importante;oui, un peu;assez bon;oui;masculin;CEP ou fin études;autre emp. non qual.;66
très importante;pas du tout;très mauvais;oui;féminin;BEPC-BE-BEPS;autre employé qual.;32
très importante;oui, un peu;assez mauvais;non;féminin;CEP ou fin études;ouvrier spécialisé;30
très importante;pas du tout;très mauvais;oui;féminin;CEP ou fin études;ouvrier qualifié;53
très importante;oui, un peu;très mauvais;oui;féminin;CEP ou fin études;petit commercant;53
très importante;oui, un peu;assez bon;non;féminin;baccalauréat (1/2);Non-réponse;50
assez importante;oui, beaucoup;assez bon;oui;masculin;CEP ou fin études;exploitant agricole;58
très importante;oui, un peu;assez mauvais;ne sait pas;féminin;CEP ou fin études;Non-réponse;63
très importante;oui, beaucoup;assez mauvais;oui;masculin;BEPC-BE-BEPS;Non-réponse;18
très importante;oui, un peu;assez mauvais;oui;masculin;aucun;ouvrier qualifié;55
peu importante;oui, un peu;assez mauvais;oui;masculin;CEP ou fin études;exploitant agricole;36
très importante;oui, un peu;ne sait pas;oui;féminin;CEP ou fin études;ouvrier qualifié;39
très importante;oui, beaucoup;assez mauvais;oui;masculin;aucun;exploitant agricole;44
peu importante;pas du tout;assez mauvais;non;féminin;aucun;ouvrier spécialisé;72
très importante;oui, un peu;assez bon;ne sait pas;masculin;CEP ou fin études;cadre supérieur;38
très importante;oui, beaucoup;assez mauvais;ne sait pas;féminin;baccalauréat (1/2);autre emp. non qual.;29
peu importante;oui, beaucoup;assez mauvais;ne sait pas;masculin;aucun;petit commercant;71
assez importante;oui, un peu;assez mauvais;ne sait pas;féminin;aucun;personnel de service;37
assez importante;oui, beaucoup;ne sait pas;non;féminin;BEPC-BE-BEPS;autre emp. non qual.;26
très importante;oui, beaucoup;assez mauvais;oui;masculin;baccalauréat (1/2);artisan;28
très importante;pas du tout;assez mauvais;oui;féminin;université,gde école;cadre supérieur;30
très importante;oui, un peu;très mauvais;oui;masculin;baccalauréat (1/2);autre actif;23
très importante;pas du tout;très mauvais;oui;féminin;baccalauréat (1/2);autre employé qual.;21
très importante;oui, un peu;très mauvais;oui;masculin;baccalauréat (1/2);ouvrier qualifié;29
très importante;oui, un peu;assez mauvais;oui;féminin;CEP ou fin études;ouvrier qualifié;50
très importante;oui, un peu;très mauvais;oui;féminin;université,gde école;personnel de service;30
assez importante;oui, un peu;assez mauvais;oui;masculin;CEP ou fin études;exploitant agricole;54
très importante;oui, un peu;très mauvais;oui;masculin;BEPC-BE-BEPS;Non-réponse;22
très importante;oui, un peu;très mauvais;oui;féminin;CEP ou fin études;employé de commerce;32
très importante;oui, beaucoup;assez bon;oui;masculin;aucun;autre emp. non qual.;45
très importante;oui, un peu;assez mauvais;oui;masculin;brevet sup.;cadre moyen;66
très importante;oui, beaucoup;assez mauvais;oui;féminin;BEPC-BE-BEPS;autre emp. non qual.;31
assez importante;oui, un peu;assez bon;non;féminin;CEP ou fin études;petit commercant;56
très importante;pas du tout;très mauvais;oui;masculin;université,gde école;cadre supérieur;28
très importante;oui, un peu;très mauvais;oui;masculin;aucun;contremaître;59
assez importante;oui, beaucoup;assez mauvais;oui;masculin;CEP ou fin études;autre employé qual.;39
très importante;oui, un peu;assez mauvais;oui;féminin;baccalauréat (1/2);autre emp. non qual.;21
très importante;oui, un peu;assez bon;non;masculin;CEP ou fin études;ouvrier qualifié;24
très importante;oui, un peu;très mauvais;oui;masculin;CEP ou fin études;ouvrier qualifié;23
très importante;oui, beaucoup;assez bon;non;féminin;CEP ou fin études;personnel de service;52
très importante;oui, un peu;assez mauvais;oui;masculin;baccalauréat (1/2);Non-réponse;18
très importante;oui, beaucoup;très mauvais;oui;féminin;CEP ou fin études;employé de commerce;35
très importante;oui, un peu;très mauvais;oui;féminin;aucun;Non-réponse;50
très importante;oui, un peu;très mauvais;oui;masculin;aucun;ouvrier qualifié;80
très importante;oui, beaucoup;assez bon;oui;féminin;BEPC-BE-BEPS;petit commercant;59
très importante;oui, un peu;ne sait pas;oui;féminin;CEP ou fin études;personnel de service;48
très importante;oui, beaucoup;assez bon;oui;masculin;CEP ou fin études;ouvrier qualifié;47
assez importante;oui, un peu;assez bon;oui;féminin;BEPC-BE-BEPS;cadre moyen;36
très importante;oui, un peu;ne sait pas;oui;féminin;aucun;autre employé qual.;54
assez importante;pas du tout;assez mauvais;oui;masculin;aucun;autre emp. non qual.;45
très importante;oui, un peu;assez mauvais;oui;féminin;baccalauréat (1/2);autre emp. non qual.;24
très importante;oui, un peu;assez bon;oui;masculin;CEP ou fin études;ouvrier qualifié;27
assez importante;oui, un peu;assez bon;non;masculin;BEPC-BE-BEPS;ouvrier qualifié;51
très importante;oui, beaucoup;très mauvais;oui;masculin;CEP ou fin études;ouvrier spécialisé;34
très importante;oui, beaucoup;assez bon;ne sait pas;féminin;CEP ou fin études;personnel de service;64
très importante;oui, beaucoup;très mauvais;non;masculin;baccalauréat (1/2);Non-réponse;20
très importante;oui, beaucoup;assez bon;non;masculin;université,gde école;Non-réponse;25
assez importante;oui, un peu;très bon;non;féminin;baccalauréat (1/2);Non-réponse;73
très importante;oui, beaucoup;assez bon;non;féminin;baccalauréat (1/2);cadre supérieur;26
assez importante;oui, un peu;assez bon;non;féminin;BEPC-BE-BEPS;autre emp. non qual.;32
assez importante;oui, un peu;assez mauvais;oui;féminin;CEP ou fin études;employé de commerce;54
assez importante;oui, beaucoup;assez bon;oui;masculin;aucun;patron indus.commer.;69
très importante;oui, beaucoup;très bon;non;féminin;baccalauréat (1/2);cadre moyen;66
assez importante;oui, un peu;assez bon;oui;masculin;CEP ou fin études;ouvrier spécialisé;56
très importante;oui, beaucoup;assez mauvais;oui;féminin;CEP ou fin études;autre employé qual.;27
très importante;pas du tout;assez mauvais;oui;féminin;aucun;artisan;58
très importante;oui, beaucoup;très mauvais;oui;féminin;baccalauréat (1/2);cadre supérieur;33
très importante;oui, un peu;assez mauvais;oui;masculin;BEPC-BE-BEPS;cadre moyen;25
très importante;oui, un peu;très mauvais;oui;masculin;baccalauréat (1/2);cadre moyen;31
peu importante;pas du tout;très mauvais;oui;masculin;aucun;personnel de service;55
très importante;oui, beaucoup;assez bon;non;féminin;CEP ou fin études;autre emp. non qual.;73
très importante;oui, beaucoup;assez mauvais;ne sait pas;féminin;université,gde école;autre employé qual.;28
très importante;oui, beaucoup;assez bon;oui;masculin;baccalauréat (1/2);exploitant agricole;45
très importante;oui, un peu;assez mauvais;oui;féminin;BEPC-BE-BEPS;ouvrier spécialisé;21
très importante;oui, un peu;très mauvais;oui;masculin;CEP ou fin études;ouvrier qualifié;34
très importante;oui, un peu;assez bon;non;masculin;aucun;ouvrier qualifié;57
très importante;oui, un peu;assez mauvais;oui;masculin;CEP ou fin études;ouvrier qualifié;39
très importante;oui, un peu;assez bon;oui;masculin;baccalauréat (1/2);Non-réponse;23
très importante;oui, un peu;ne veut pas répondre;oui;masculin;CEP ou fin études;autre emp. non qual.;65
assez importante;oui, beaucoup;très mauvais;oui;féminin;BEPC-BE-BEPS;autre employé qual.;30
assez importante;pas du tout;ne sait pas;non;masculin;aucun;ouvrier spécialisé;75
très importante;oui, un peu;assez mauvais;oui;féminin;BEPC-BE-BEPS;cadre moyen;50
très importante;oui, beaucoup;assez bon;ne sait pas;féminin;CEP ou fin études;autre emp. non qual.;58
assez importante;oui, un peu;assez bon;non;masculin;CEP ou fin études;autre emp. non qual.;58
très importante;oui, beaucoup;assez bon;oui;masculin;BEPC-BE-BEPS;cadre moyen;31
très importante;oui, un peu;très mauvais;oui;masculin;brevet sup.;cadre supérieur;66
très importante;oui, un peu;très mauvais;oui;féminin;CEP ou fin études;autre emp. non qual.;71
peu importante;pas du tout;assez bon;non;masculin;CEP ou fin études;personnel de service;67
peu importante;oui, un peu;ne sait pas;oui;féminin;CEP ou fin études;personnel de service;47
très importante;oui, un peu;très mauvais;oui;féminin;BEPC-BE-BEPS;employé de commerce;29
très importante;oui, un peu;très mauvais;oui;masculin;université,gde école;cadre supérieur;35
très importante;oui, beaucoup;très mauvais;oui;masculin;CEP ou fin études;cadre moyen;30
très importante;oui, un peu;assez bon;oui;féminin;baccalauréat (1/2);Non-réponse;52
très importante;oui, un peu;assez mauvais;oui;masculin;aucun;ouvrier spécialisé;35
très importante;oui, un peu;assez mauvais;oui;féminin;baccalauréat (1/2);autre employé qual.;29
assez importante;oui, beaucoup;assez mauvais;oui;féminin;CEP ou fin études;autre emp. non qual.;27
assez importante;oui, beaucoup;assez mauvais;oui;masculin;aucun;ouvrier qualifié;43
assez importante;oui, beaucoup;ne sait pas;oui;masculin;aucun;ouvrier qualifié;44
assez importante;oui, beaucoup;assez mauvais;oui;masculin;aucun;ouvrier spécialisé;64
très importante;oui, un peu;assez mauvais;oui;masculin;baccalauréat (1/2);ouvrier spécialisé;33
très importante;oui, un peu;assez mauvais;oui;féminin;BEPC-BE-BEPS;autre emp. non qual.;29
très importante;oui, beaucoup;ne sait pas;oui;féminin;baccalauréat (1/2);Non-réponse;18
assez importante;oui, beaucoup;assez mauvais;oui;féminin;aucun;Non-réponse;72
assez importante;oui, un peu;assez mauvais;oui;féminin;CEP ou fin études;Non-réponse;67
peu importante;oui, un peu;assez mauvais;oui;féminin;aucun;Non-réponse;70
très importante;oui, un peu;assez mauvais;oui;féminin;BEPC-BE-BEPS;Non-réponse;51
assez importante;oui, beaucoup;assez bon;oui;masculin;aucun;ouvrier spécialisé;70
assez importante;oui, un peu;assez mauvais;oui;masculin;CEP ou fin études;ouvrier qualifié;74
très importante;oui, beaucoup;très mauvais;oui;masculin;BEPC-BE-BEPS;employé de commerce;64
très importante;oui, beaucoup;assez mauvais;oui;féminin;CEP ou fin études;employé de commerce;57
très importante;oui, beaucoup;assez bon;oui;féminin;BEPC-BE-BEPS;autre emp. non qual.;35
très importante;oui, beaucoup;assez mauvais;non;masculin;université,gde école;Non-réponse;21
très importante;oui, beaucoup;ne sait pas;oui;féminin;BEPC-BE-BEPS;personnel de service;22
assez importante;oui, un peu;assez mauvais;oui;masculin;université,gde école;cadre moyen;47
assez importante;oui, un peu;assez mauvais;oui;masculin;BEPC-BE-BEPS;cadre moyen;30
assez importante;oui, beaucoup;ne sait pas;oui;féminin;baccalauréat (1/2);cadre moyen;51
très importante;oui, beaucoup;très mauvais;oui;masculin;CEP ou fin études;cadre moyen;72
très importante;oui, un peu;assez bon;oui;féminin;aucun;Non-réponse;56
très importante;oui, beaucoup;très mauvais;oui;masculin;BEPC-BE-BEPS;autre emp. non qual.;22
assez importante;oui, beaucoup;très mauvais;oui;masculin;BEPC-BE-BEPS;autre emp. non qual.;30
peu importante;oui, beaucoup;assez bon;oui;féminin;CEP ou fin études;petit commercant;83
très importante;oui, beaucoup;assez mauvais;oui;masculin;aucun;ouvrier qualifié;18
assez importante;oui, un peu;très mauvais;oui;masculin;CEP ou fin études;ouvrier qualifié;29
peu importante;oui, beaucoup;assez mauvais;oui;masculin;BEPC-BE-BEPS;ouvrier spécialisé;22
peu importante;oui, un peu;assez mauvais;oui;masculin;aucun;ouvrier qualifié;30
assez importante;oui, beaucoup;assez bon;oui;masculin;BEPC-BE-BEPS;ouvrier spécialisé;37
assez importante;oui, beaucoup;assez bon;non;féminin;baccalauréat (1/2);Non-réponse;48
très importante;oui, beaucoup;assez mauvais;oui;masculin;université,gde école;cadre supérieur;49
très importante;oui, un peu;assez bon;oui;masculin;baccalauréat (1/2);autre employé qual.;46
assez importante;pas du tout;assez bon;ne sait pas;féminin;aucun;employé de commerce;66
très importante;oui, un peu;assez mauvais;oui;masculin;baccalauréat (1/2);Non-réponse;22
assez importante;oui, beaucoup;ne sait pas;oui;féminin;aucun;Non-réponse;20
très importante;oui, un peu;assez mauvais;non;féminin;baccalauréat (1/2);Non-réponse;19
assez importante;oui, beaucoup;assez mauvais;oui;féminin;BEPC-BE-BEPS;Non-réponse;27
assez importante;oui, un peu;assez mauvais;oui;féminin;CEP ou fin études;personnel de service;41
assez importante;pas du tout;assez bon;oui;masculin;aucun;ouvrier qualifié;67
peu importante;oui, beaucoup;ne sait pas;ne sait pas;féminin;aucun;Non-réponse;60
assez importante;oui, beaucoup;assez bon;oui;féminin;baccalauréat (1/2);Non-réponse;34
très importante;oui, un peu;assez mauvais;oui;féminin;BEPC-BE-BEPS;cadre moyen;28
assez importante;oui, beaucoup;assez mauvais;ne sait pas;féminin;CEP ou fin études;cadre moyen;76
assez importante;oui, un peu;assez mauvais;oui;féminin;aucun;employé de commerce;67
assez importante;oui, un peu;assez bon;oui;masculin;CEP ou fin études;cadre supérieur;79
assez importante;oui, beaucoup;très mauvais;oui;masculin;aucun;ouvrier spécialisé;67
très importante;oui, beaucoup;assez mauvais;non;masculin;CEP ou fin études;petit commercant;65
assez importante;oui, un peu;assez mauvais;oui;féminin;CEP ou fin études;autre emp. non qual.;53
très importante;oui, un peu;très mauvais;oui;féminin;aucun;autre employé qual.;73
très importante;oui, beaucoup;assez bon;oui;masculin;BEPC-BE-BEPS;autre actif;44
assez importante;oui, beaucoup;assez mauvais;non;masculin;BEPC-BE-BEPS;artisan;29
assez importante;oui, beaucoup;assez mauvais;oui;féminin;BEPC-BE-BEPS;petit commercant;28
très importante;oui, beaucoup;assez bon;oui;masculin;université,gde école;cadre supérieur;37
assez importante;oui, beaucoup;très mauvais;oui;masculin;CEP ou fin études;cadre moyen;35
très importante;oui, un peu;assez bon;oui;féminin;BEPC-BE-BEPS;cadre moyen;54
assez importante;oui, beaucoup;assez bon;non;féminin;BEPC-BE-BEPS;cadre moyen;24
très importante;oui, un peu;assez mauvais;oui;masculin;CEP ou fin études;autre emp. non qual.;27
très importante;oui, un peu;très mauvais;oui;féminin;CEP ou fin études;ouvrier spécialisé;36
assez importante;oui, un peu;très mauvais;oui;masculin;CEP ou fin études;ouvrier qualifié;23
assez importante;oui, un peu;assez bon;oui;masculin;CEP ou fin études;contremaître;33
assez importante;oui, un peu;très mauvais;oui;masculin;aucun;ouvrier qualifié;18
assez importante;oui, un peu;assez mauvais;oui;masculin;CEP ou fin études;ouvrier qualifié;24
assez importante;oui, un peu;assez bon;oui;féminin;baccalauréat (1/2);personnel de service;37
assez importante;oui, beaucoup;assez bon;non;féminin;CEP ou fin études;Non-réponse;75
assez importante;oui, beaucoup;assez mauvais;non;féminin;baccalauréat (1/2);Non-réponse;32
très importante;oui, beaucoup;assez bon;non;masculin;CEP ou fin études;autre emp. non qual.;29
très importante;oui, beaucoup;assez mauvais;oui;féminin;BEPC-BE-BEPS;autre emp. non qual.;38
très importante;oui, beaucoup;assez mauvais;oui;masculin;université,gde école;cadre supérieur;66
très importante;oui, beaucoup;assez mauvais;non;masculin;BEPC-BE-BEPS;autre emp. non qual.;70
assez importante;oui, beaucoup;assez mauvais;oui;féminin;aucun;petit commercant;84
très importante;oui, un peu;assez bon;oui;féminin;université,gde école;cadre supérieur;40
assez importante;oui, beaucoup;assez mauvais;oui;féminin;CEP ou fin études;personnel de service;39
très importante;oui, beaucoup;assez mauvais;oui;féminin;BEPC-BE-BEPS;petit commercant;30
assez importante;oui, beaucoup;assez bon;non;féminin;aucun;cadre supérieur;50
très importante;oui, un peu;assez bon;oui;masculin;baccalauréat (1/2);cadre moyen;51
très importante;oui, un peu;ne sait pas;oui;féminin;aucun;autre employé qual.;25
assez importante;oui, un peu;très mauvais;oui;masculin;CEP ou fin études;ouvrier qualifié;31
très importante;oui, beaucoup;assez mauvais;oui;masculin;CEP ou fin études;ouvrier qualifié;55
assez importante;oui, un peu;assez mauvais;non;masculin;aucun;contremaître;50
assez importante;oui, un peu;assez mauvais;ne sait pas;féminin;BEPC-BE-BEPS;personnel de service;19
très importante;oui, un peu;assez mauvais;oui;féminin;CEP ou fin études;autre employé qual.;68
très importante;oui, beaucoup;assez mauvais;oui;masculin;brevet sup.;cadre moyen;68
assez importante;oui, un peu;assez mauvais;non;masculin;université,gde école;profession libérale;43
très importante;pas du tout;très mauvais;oui;féminin;aucun;autre emp. non qual.;38
assez importante;oui, beaucoup;ne sait pas;non;féminin;aucun;personnel de service;47
assez importante;oui, un peu;assez mauvais;oui;féminin;CEP ou fin études;personnel de service;75
très importante;oui, beaucoup;assez mauvais;oui;féminin;baccalauréat (1/2);autre employé qual.;20
très importante;pas du tout;très mauvais;oui;masculin;CEP ou fin études;manoeuvre;21
très importante;oui, beaucoup;assez bon;oui;masculin;CEP ou fin études;ouvrier spécialisé;44
très importante;oui, un peu;assez bon;oui;féminin;CEP ou fin études;ouvrier spécialisé;21
très importante;oui, beaucoup;assez mauvais;non;masculin;CEP ou fin études;ouvrier qualifié;38
assez importante;oui, un peu;assez bon;oui;féminin;CEP ou fin études;personnel de service;32
assez importante;oui, beaucoup;très mauvais;oui;masculin;aucun;personnel de service;51
assez importante;oui, beaucoup;assez mauvais;oui;féminin;BEPC-BE-BEPS;Non-réponse;18
très importante;oui, un peu;assez bon;oui;féminin;CEP ou fin études;personnel de service;27
très importante;oui, beaucoup;assez mauvais;oui;féminin;CEP ou fin études;autre emp. non qual.;59
assez importante;oui, beaucoup;assez bon;oui;féminin;CEP ou fin études;ouvrier qualifié;29
assez importante;oui, un peu;assez bon;oui;masculin;CEP ou fin études;ouvrier qualifié;69
très importante;oui, beaucoup;assez mauvais;oui;masculin;CEP ou fin études;petit commercant;42
assez importante;oui, beaucoup;très mauvais;non;masculin;université,gde école;cadre supérieur;45
très importante;oui, beaucoup;assez bon;ne sait pas;masculin;CEP ou fin études;cadre moyen;33
très importante;oui, beaucoup;assez mauvais;oui;féminin;baccalauréat (1/2);cadre moyen;36
très importante;pas du tout;très mauvais;oui;féminin;université,gde école;autre emp. non qual.;22
très importante;oui, un peu;très mauvais;oui;masculin;université,gde école;cadre supérieur;29
assez importante;oui, beaucoup;assez bon;oui;féminin;CEP ou fin études;ouvrier spécialisé;55
assez importante;pas du tout;très mauvais;oui;féminin;BEPC-BE-BEPS;ouvrier spécialisé;31
très importante;oui, un peu;assez bon;oui;masculin;aucun;ouvrier qualifié;21
très importante;oui, un peu;assez bon;oui;féminin;CEP ou fin études;ouvrier spécialisé;56
très importante;oui, beaucoup;très mauvais;oui;masculin;CEP ou fin études;ouvrier qualifié;27
très importante;oui, beaucoup;assez bon;oui;masculin;CEP ou fin études;ouvrier qualifié;51
très importante;oui, beaucoup;très mauvais;oui;masculin;CEP ou fin études;ouvrier qualifié;41
assez importante;oui, beaucoup;très mauvais;oui;féminin;CEP ou fin études;personnel de service;23
très importante;oui, un peu;assez mauvais;oui;féminin;baccalauréat (1/2);Non-réponse;19
très importante;oui, beaucoup;assez bon;oui;féminin;baccalauréat (1/2);Non-réponse;20
très importante;oui, un peu;très mauvais;oui;féminin;CEP ou fin études;personnel de service;25
assez importante;oui, un peu;ne sait pas;ne sait pas;féminin;université,gde école;cadre supérieur;39
très importante;pas du tout;assez mauvais;oui;féminin;baccalauréat (1/2);cadre moyen;43
très importante;oui, un peu;ne veut pas répondre;non;féminin;BEPC-BE-BEPS;petit commercant;58
assez importante;oui, un peu;assez bon;oui;masculin;université,gde école;contremaître;80
peu importante;oui, beaucoup;très bon;oui;masculin;aucun;autre emp. non qual.;78
assez importante;oui, beaucoup;ne sait pas;oui;féminin;brevet sup.;cadre moyen;90
très importante;oui, beaucoup;assez mauvais;oui;masculin;université,gde école;cadre supérieur;67
peu importante;oui, beaucoup;assez bon;non;masculin;CEP ou fin études;ouvrier qualifié;63
assez importante;oui, beaucoup;assez mauvais;oui;masculin;CEP ou fin études;patron indus.commer.;65
très importante;oui, un peu;assez bon;oui;féminin;université,gde école;petit commercant;35
très importante;oui, un peu;assez mauvais;non;masculin;CEP ou fin études;cadre supérieur;41
